Datetime,PM2.5,PM10,CO,NO2,SO2,O3,City,Year,Month,Day,AQI,AQI_Category
2025-01-01,38.3375,42.041666666666664,381.8333333333333,4.283333333333333,5.016666666666667,111.58333333333333,Chennai,2025,1,1,116.44123931623932,Moderate
2025-01-02,42.65416666666667,45.94166666666666,355.4166666666667,5.554166666666667,4.925,118.625,Chennai,2025,1,2,136.27083333333334,Moderate
2025-01-03,42.3125,45.75416666666666,343.7916666666667,5.145833333333333,7.5125,126.25,Chennai,2025,1,3,134.5625,Moderate
2025-01-04,36.02916666666667,43.07083333333333,349.625,6.266666666666667,5.295833333333333,117.58333333333333,Chennai,2025,1,4,105.05466524216524,Moderate
2025-01-05,34.458333333333336,41.170833333333334,340.8333333333333,6.825,3.7125,105.625,Chennai,2025,1,5,100.55288461538463,Moderate
2025-01-06,32.12916666666667,35.36666666666667,320.75,7.1625000000000005,3.8249999999999997,105.29166666666667,Chennai,2025,1,6,93.01103988603988,Satisfactory
2025-01-07,30.833333333333332,33.833333333333336,310.4583333333333,6.066666666666666,2.9791666666666665,102.5,Chennai,2025,1,7,90.24216524216524,Satisfactory
2025-01-08,34.44583333333333,36.8125,368.4583333333333,5.0625,4.958333333333333,120.41666666666667,Chennai,2025,1,8,103.17467948717949,Moderate
2025-01-09,41.25416666666667,44.80833333333334,331.4166666666667,5.070833333333334,6.133333333333333,138.83333333333334,Chennai,2025,1,9,130.20138888888889,Moderate
2025-01-10,36.5,41.395833333333336,348.625,4.833333333333333,3.404166666666667,114.54166666666667,Chennai,2025,1,10,109.30573361823362,Moderate
2025-01-11,23.670833333333334,29.829166666666666,280.5833333333333,3.408333333333333,2.4291666666666667,107.95833333333333,Chennai,2025,1,11,74.93767806267806,Satisfactory
2025-01-12,22.641666666666666,28.84583333333333,254.04166666666666,4.1875,2.1374999999999997,96.25,Chennai,2025,1,12,72.73860398860398,Satisfactory
2025-01-13,13.487499999999999,18.166666666666668,287.375,4.325,2.1083333333333334,101.5,Chennai,2025,1,13,52.34107905982906,Satisfactory
2025-01-14,14.549999999999999,19.7,282.0833333333333,3.5749999999999997,2.2375000000000003,103.125,Chennai,2025,1,14,55.44871794871795,Satisfactory
2025-01-15,20.804166666666667,25.733333333333334,276.875,2.908333333333333,2.6125000000000003,111.125,Chennai,2025,1,15,69.4923433048433,Satisfactory
2025-01-16,47.70416666666667,52.762499999999996,346.3333333333333,3.8625000000000003,4.570833333333334,129.875,Chennai,2025,1,16,157.06359649122808,Moderate
2025-01-17,56.65,60.79583333333333,349.875,3.9958333333333336,4.1000000000000005,128.54166666666666,Chennai,2025,1,17,198.48684210526315,Moderate
2025-01-18,29.558333333333334,34.31666666666667,255.20833333333334,3.4,2.4291666666666667,101.08333333333333,Chennai,2025,1,18,92.33760683760683,Satisfactory
2025-01-19,28.4375,33.233333333333334,310.7083333333333,3.1791666666666667,2.129166666666667,106.79166666666667,Chennai,2025,1,19,85.12286324786325,Satisfactory
2025-01-20,34.95,39.324999999999996,354.9583333333333,4.016666666666667,4.183333333333334,122.16666666666667,Chennai,2025,1,20,104.76495726495727,Moderate
2025-01-21,33.12083333333333,36.983333333333334,328.25,5.0874999999999995,4.754166666666666,122.29166666666667,Chennai,2025,1,21,97.39672364672366,Satisfactory
2025-01-22,31.320833333333336,35.72083333333333,316.0833333333333,5.541666666666667,3.608333333333333,109.16666666666667,Chennai,2025,1,22,94.32603276353278,Satisfactory
2025-01-23,19.108333333333334,24.041666666666668,222.79166666666666,7.0375000000000005,3.0875,87.91666666666667,Chennai,2025,1,23,65.18874643874643,Satisfactory
2025-01-24,21.933333333333334,26.6125,266.75,6.375,2.7291666666666665,89.125,Chennai,2025,1,24,71.22507122507123,Satisfactory
2025-01-25,27.983333333333334,32.49583333333333,277.4583333333333,6.483333333333333,2.7458333333333336,90.04166666666667,Chennai,2025,1,25,84.15242165242165,Satisfactory
2025-01-26,28.370833333333334,32.42916666666667,321.4166666666667,8.316666666666666,3.6958333333333333,87.0,Chennai,2025,1,26,84.9804131054131,Satisfactory
2025-01-27,38.82083333333333,41.72083333333333,350.0833333333333,7.6499999999999995,3.9583333333333335,104.375,Chennai,2025,1,27,117.45014245014245,Moderate
2025-01-28,51.98333333333333,54.56666666666666,371.25,7.7875000000000005,4.658333333333333,118.45833333333333,Chennai,2025,1,28,181.12390350877195,Moderate
2025-01-29,42.74583333333334,45.987500000000004,271.9583333333333,6.2625,3.1958333333333333,113.125,Chennai,2025,1,29,138.6141381766382,Moderate
2025-01-30,25.829166666666666,28.97083333333333,298.0833333333333,5.2124999999999995,3.8083333333333336,93.33333333333333,Chennai,2025,1,30,79.54950142450143,Satisfactory
2025-01-31,17.474999999999998,21.0125,283.5416666666667,6.2,4.166666666666667,71.375,Chennai,2025,1,31,61.69871794871795,Satisfactory
2025-02-01,14.008333333333333,17.233333333333334,262.125,6.9624999999999995,4.708333333333333,64.75,Chennai,2025,2,1,53.51317663817664,Satisfactory
2025-02-02,11.866666666666667,14.575000000000001,292.4166666666667,6.675,5.758333333333333,71.58333333333333,Chennai,2025,2,2,47.82051282051282,Good
2025-02-03,11.916666666666666,14.691666666666668,273.2916666666667,9.633333333333333,5.804166666666667,74.625,Chennai,2025,2,3,48.07959401709402,Good
2025-02-04,20.974999999999998,23.820833333333336,337.2916666666667,11.808333333333332,5.979166666666667,72.20833333333333,Chennai,2025,2,4,69.17735042735042,Satisfactory
2025-02-05,32.97083333333333,34.99166666666667,316.5,10.216666666666667,6.325,87.83333333333333,Chennai,2025,2,5,96.84953703703702,Satisfactory
2025-02-06,41.975,44.30416666666667,356.5,10.008333333333333,6.925000000000001,93.75,Chennai,2025,2,6,132.875,Moderate
2025-02-07,48.29583333333333,50.833333333333336,415.25,8.725,4.933333333333334,89.875,Chennai,2025,2,7,163.31140350877195,Moderate
2025-02-08,45.62916666666666,47.82083333333333,417.0,8.833333333333334,4.616666666666666,89.16666666666667,Chennai,2025,2,8,151.14583333333334,Moderate
2025-02-09,47.925000000000004,50.574999999999996,374.625,8.225,4.745833333333334,96.91666666666667,Chennai,2025,2,9,162.625,Moderate
2025-02-10,42.99166666666667,45.9125,285.25,6.05,6.5125,118.25,Chennai,2025,2,10,138.5787037037037,Moderate
2025-02-11,25.575,29.058333333333334,260.2916666666667,6.208333333333333,5.983333333333333,104.04166666666667,Chennai,2025,2,11,79.00641025641026,Satisfactory
2025-02-12,19.433333333333334,22.254166666666666,345.5,8.954166666666667,7.6625000000000005,83.70833333333333,Chennai,2025,2,12,65.88319088319089,Satisfactory
2025-02-13,18.241666666666667,20.745833333333334,359.7916666666667,12.416666666666666,7.691666666666666,80.16666666666667,Chennai,2025,2,13,63.336894586894594,Satisfactory
2025-02-14,13.979166666666666,17.216666666666665,313.0416666666667,10.975,7.420833333333333,73.91666666666667,Chennai,2025,2,14,53.99216524216524,Satisfactory
2025-02-15,18.029166666666665,24.375,278.9583333333333,11.35,6.7,71.0,Chennai,2025,2,15,62.88283475783476,Satisfactory
2025-02-16,23.504166666666666,33.62083333333333,267.6666666666667,7.233333333333333,5.204166666666667,78.33333333333333,Chennai,2025,2,16,74.58155270655271,Satisfactory
2025-02-17,38.27916666666667,45.68333333333334,305.7083333333333,7.191666666666666,4.9625,86.25,Chennai,2025,2,17,116.62678062678064,Moderate
2025-02-18,44.32083333333333,50.94583333333333,372.1666666666667,8.691666666666666,5.466666666666668,93.33333333333333,Chennai,2025,2,18,144.60416666666666,Moderate
2025-02-19,32.858333333333334,38.083333333333336,341.8333333333333,8.674999999999999,6.1375,86.41666666666667,Chennai,2025,2,19,101.47667378917379,Moderate
2025-02-20,24.070833333333336,29.666666666666668,250.58333333333334,7.5625,4.9750000000000005,79.83333333333333,Chennai,2025,2,20,75.79237891737891,Satisfactory
2025-02-21,22.491666666666664,29.087500000000002,249.0,8.008333333333333,5.304166666666666,77.20833333333333,Chennai,2025,2,21,72.41809116809117,Satisfactory
2025-02-22,20.266666666666666,25.891666666666666,259.9166666666667,9.424999999999999,7.070833333333333,75.33333333333333,Chennai,2025,2,22,67.66381766381767,Satisfactory
2025-02-23,15.458333333333334,20.304166666666667,256.125,9.370833333333334,6.5874999999999995,67.70833333333333,Chennai,2025,2,23,57.38960113960115,Satisfactory
2025-02-24,17.8125,24.912499999999998,237.33333333333334,7.5625,3.9583333333333335,62.5,Chennai,2025,2,24,62.419871794871796,Satisfactory
2025-02-25,26.662499999999998,35.354166666666664,233.83333333333334,4.208333333333333,2.6374999999999997,82.66666666666667,Chennai,2025,2,25,81.3301282051282,Satisfactory
2025-02-26,29.9375,39.733333333333334,266.9166666666667,3.108333333333333,2.8833333333333333,94.375,Chennai,2025,2,26,88.32799145299145,Satisfactory
2025-02-27,21.191666666666666,27.854166666666668,269.0416666666667,3.4625,2.558333333333333,96.0,Chennai,2025,2,27,69.6403133903134,Satisfactory
2025-02-28,18.941666666666666,24.2,241.91666666666666,3.5583333333333336,2.4833333333333334,84.0,Chennai,2025,2,28,64.83262108262109,Satisfactory
2025-03-01,15.6625,19.904166666666665,250.66666666666666,3.4791666666666665,2.8791666666666664,77.5,Chennai,2025,3,1,57.825854700854705,Satisfactory
2025-03-02,13.720833333333333,17.4875,250.04166666666666,4.720833333333333,4.120833333333334,71.125,Chennai,2025,3,2,53.60087250712251,Satisfactory
2025-03-03,16.104166666666668,19.529166666666665,315.5833333333333,8.570833333333333,6.6375,71.08333333333333,Chennai,2025,3,3,58.53276353276353,Satisfactory
2025-03-04,17.7375,20.829166666666666,318.9583333333333,10.5375,6.183333333333334,63.166666666666664,Chennai,2025,3,4,61.96358618233618,Satisfactory
2025-03-05,20.125,24.875,297.2916666666667,12.004166666666668,8.570833333333333,60.958333333333336,Chennai,2025,3,5,67.36111111111111,Satisfactory
2025-03-06,21.704166666666666,26.066666666666666,337.6666666666667,9.733333333333333,9.020833333333334,108.54166666666667,Chennai,2025,3,6,70.73539886039886,Satisfactory
2025-03-07,25.933333333333334,34.275,362.7083333333333,9.4375,9.470833333333333,137.375,Chennai,2025,3,7,79.77207977207978,Satisfactory
2025-03-08,27.037499999999998,39.725,274.2083333333333,7.783333333333334,7.954166666666667,90.41666666666667,Chennai,2025,3,8,82.13141025641026,Satisfactory
2025-03-09,21.599999999999998,29.820833333333336,271.2083333333333,7.1625000000000005,4.695833333333334,85.66666666666667,Chennai,2025,3,9,70.51282051282051,Satisfactory
2025-03-10,19.979166666666668,26.370833333333334,214.54166666666666,4.454166666666667,2.966666666666667,86.33333333333333,Chennai,2025,3,10,67.04950142450143,Satisfactory
2025-03-11,12.233333333333334,16.224999999999998,200.45833333333334,4.158333333333333,2.4583333333333335,63.541666666666664,Chennai,2025,3,11,48.13034188034188,Good
2025-03-12,9.354166666666666,11.9375,274.625,7.691666666666666,3.9875000000000003,61.541666666666664,Chennai,2025,3,12,38.916488603988604,Good
2025-03-13,14.9625,17.45,360.2916666666667,13.295833333333334,12.708333333333334,68.33333333333333,Chennai,2025,3,13,55.01068376068377,Satisfactory
2025-03-14,11.654166666666667,14.583333333333334,253.75,8.729166666666666,5.95,50.625,Chennai,2025,3,14,46.88434829059829,Good
2025-03-15,9.170833333333333,12.879166666666668,212.41666666666666,7.1000000000000005,5.366666666666667,54.791666666666664,Chennai,2025,3,15,38.14414173789174,Good
2025-03-16,8.112499999999999,9.745833333333334,259.0,8.383333333333333,6.408333333333334,48.75,Chennai,2025,3,16,33.802083333333336,Good
2025-03-17,9.049999999999999,11.325000000000001,217.0,7.625,6.220833333333334,47.833333333333336,Chennai,2025,3,17,37.581463675213676,Good
2025-03-18,7.904166666666666,10.5625,192.0,6.0874999999999995,4.741666666666666,47.0,Chennai,2025,3,18,32.93402777777778,Good
2025-03-19,10.254166666666666,13.783333333333333,184.70833333333334,5.45,4.3625,49.125,Chennai,2025,3,19,42.666488603988604,Good
2025-03-20,10.104166666666666,13.254166666666668,158.66666666666666,5.3625,4.4750000000000005,56.25,Chennai,2025,3,20,41.41559829059829,Good
2025-03-21,11.8125,15.637500000000001,207.29166666666666,4.495833333333334,3.9916666666666667,73.08333333333333,Chennai,2025,3,21,48.00080128205128,Good
2025-03-22,16.470833333333335,20.945833333333333,242.79166666666666,5.366666666666667,4.029166666666667,74.25,Chennai,2025,3,22,59.55306267806267,Satisfactory
2025-03-23,15.700000000000001,19.845833333333335,314.5833333333333,4.675,4.333333333333333,86.125,Chennai,2025,3,23,57.90598290598291,Satisfactory
2025-03-24,21.704166666666666,28.295833333333334,272.6666666666667,6.179166666666667,5.183333333333334,80.70833333333333,Chennai,2025,3,24,70.73539886039886,Satisfactory
2025-03-25,25.108333333333334,32.15833333333333,262.8333333333333,7.4624999999999995,6.033333333333334,81.5,Chennai,2025,3,25,78.00925925925925,Satisfactory
2025-03-26,29.820833333333336,34.987500000000004,321.2916666666667,8.049999999999999,5.879166666666666,90.5,Chennai,2025,3,26,88.0787037037037,Satisfactory
2025-03-27,32.479166666666664,37.71666666666667,341.5416666666667,7.795833333333333,7.1625000000000005,104.20833333333333,Chennai,2025,3,27,93.75890313390313,Satisfactory
2025-03-28,31.162499999999998,36.6875,334.4166666666667,7.1875,8.845833333333333,119.66666666666667,Chennai,2025,3,28,91.82834757834759,Satisfactory
2025-03-29,27.395833333333332,34.80833333333333,328.1666666666667,7.520833333333333,6.1125,110.5,Chennai,2025,3,29,82.89707977207978,Satisfactory
2025-03-30,27.570833333333336,37.4625,283.5416666666667,6.216666666666666,5.308333333333334,93.58333333333333,Chennai,2025,3,30,83.27101139601139,Satisfactory
2025-03-31,36.3125,49.1875,249.95833333333334,5.454166666666667,5.2,97.04166666666667,Chennai,2025,3,31,108.97667378917379,Moderate
2025-04-01,30.59583333333333,39.24166666666667,257.125,5.816666666666666,3.9875000000000003,90.95833333333333,Chennai,2025,4,1,89.7346866096866,Satisfactory
2025-04-02,21.933333333333334,30.7,206.91666666666666,4.654166666666667,4.129166666666666,80.625,Chennai,2025,4,2,71.22507122507123,Satisfactory
2025-04-03,11.674999999999999,16.070833333333333,207.25,7.033333333333334,6.104166666666667,59.666666666666664,Chennai,2025,4,3,47.394052706552706,Good
2025-04-04,12.5,15.616666666666667,260.8333333333333,11.383333333333333,8.283333333333333,54.708333333333336,Chennai,2025,4,4,49.29220085470086,Good
2025-04-05,13.854166666666666,17.245833333333334,288.8333333333333,8.225,7.425000000000001,56.875,Chennai,2025,4,5,52.54095441595442,Satisfactory
2025-04-06,11.470833333333333,14.141666666666666,251.375,8.370833333333334,8.995833333333334,54.208333333333336,Chennai,2025,4,6,45.9343839031339,Good
2025-04-07,9.133333333333333,11.758333333333333,248.20833333333334,6.166666666666667,5.504166666666666,52.416666666666664,Chennai,2025,4,7,38.05555555555555,Good
2025-04-08,8.054166666666667,11.729166666666666,215.16666666666666,4.95,3.75,56.375,Chennai,2025,4,8,33.55902777777778,Good
2025-04-09,6.983333333333333,10.366666666666667,196.375,4.341666666666667,2.975,52.583333333333336,Chennai,2025,4,9,29.097222222222218,Good
2025-04-10,21.604166666666668,26.287499999999998,286.0833333333333,9.866666666666667,12.566666666666668,96.83333333333333,Chennai,2025,4,10,70.14957264957265,Satisfactory
2025-04-11,31.129166666666666,37.854166666666664,341.2083333333333,6.0625,9.112499999999999,148.95833333333334,Chennai,2025,4,11,93.54665242165242,Satisfactory
2025-04-12,34.5,41.1875,426.1666666666667,7.7875000000000005,11.054166666666667,162.41666666666666,Chennai,2025,4,12,105.8554131054131,Moderate
2025-04-13,18.729166666666668,23.7375,367.4166666666667,7.741666666666667,8.616666666666667,110.70833333333333,Chennai,2025,4,13,64.37856125356126,Satisfactory
2025-04-14,17.900000000000002,24.545833333333334,284.8333333333333,6.1875,5.895833333333333,90.70833333333333,Chennai,2025,4,14,62.60683760683761,Satisfactory
2025-04-15,19.420833333333334,31.608333333333334,256.4166666666667,4.933333333333334,5.208333333333333,85.45833333333333,Chennai,2025,4,15,65.85648148148148,Satisfactory
2025-04-16,19.083333333333332,35.40416666666667,195.5,4.166666666666667,4.791666666666667,77.04166666666667,Chennai,2025,4,16,65.13532763532764,Satisfactory
2025-04-17,20.970833333333335,36.729166666666664,194.54166666666666,4.520833333333333,5.016666666666667,75.16666666666667,Chennai,2025,4,17,69.1684472934473,Satisfactory
2025-04-18,19.675,29.47083333333333,245.04166666666666,4.695833333333334,5.3,92.29166666666667,Chennai,2025,4,18,66.39957264957265,Satisfactory
2025-04-19,25.645833333333332,35.329166666666666,267.4166666666667,6.116666666666667,8.283333333333333,104.70833333333333,Chennai,2025,4,19,79.15776353276354,Satisfactory
2025-04-20,25.125,34.80833333333333,263.2916666666667,5.320833333333334,6.420833333333333,106.0,Chennai,2025,4,20,78.0448717948718,Satisfactory
2025-04-21,21.625,31.979166666666668,233.625,4.579166666666667,4.695833333333334,95.375,Chennai,2025,4,21,70.56623931623932,Satisfactory
2025-04-22,17.591666666666665,25.925,240.66666666666666,5.179166666666666,5.133333333333334,92.16666666666667,Chennai,2025,4,22,61.948005698005694,Satisfactory
2025-04-23,13.1875,18.0125,237.08333333333334,5.375,5.9375,98.04166666666667,Chennai,2025,4,23,51.23486467236467,Satisfactory
2025-04-24,15.195833333333333,20.7625,205.625,4.8125,5.445833333333333,91.375,Chennai,2025,4,24,56.49884259259259,Satisfactory
2025-04-25,16.216666666666665,22.59166666666667,196.04166666666666,4.095833333333333,4.533333333333333,88.75,Chennai,2025,4,25,59.00997150997151,Satisfactory
2025-04-26,13.454166666666666,18.162499999999998,205.54166666666666,4.216666666666667,4.7625,94.66666666666667,Chennai,2025,4,26,52.548967236467234,Satisfactory
2025-04-27,10.245833333333334,14.049999999999999,205.875,4.354166666666667,4.520833333333333,75.41666666666667,Chennai,2025,4,27,42.530270655270655,Good
2025-04-28,7.762499999999999,10.891666666666666,175.95833333333334,5.095833333333333,5.333333333333333,64.25,Chennai,2025,4,28,32.34374999999999,Good
2025-04-29,7.141666666666667,9.845833333333333,197.08333333333334,4.329166666666667,5.0625,68.0,Chennai,2025,4,29,29.756944444444443,Good
2025-04-30,13.0,16.833333333333332,176.45833333333334,4.895833333333333,7.208333333333333,92.04166666666667,Chennai,2025,4,30,48.66898148148149,Good
2025-05-01,15.254166666666668,20.9375,197.08333333333334,6.575,9.8375,83.20833333333333,Chennai,2025,5,1,55.43936965811966,Satisfactory
2025-05-02,13.795833333333334,20.9375,178.91666666666666,4.704166666666667,5.566666666666666,66.875,Chennai,2025,5,2,52.323272792022784,Satisfactory
2025-05-03,13.429166666666667,20.166666666666668,218.95833333333334,6.220833333333334,8.25,82.95833333333333,Chennai,2025,5,3,50.271100427350426,Satisfactory
2025-05-04,12.045833333333334,17.858333333333334,226.16666666666666,5.020833333333333,6.741666666666667,87.41666666666667,Chennai,2025,5,4,47.06997863247863,Good
2025-05-05,23.479166666666668,29.825,288.375,6.508333333333333,12.862499999999999,129.79166666666666,Chennai,2025,5,5,74.5281339031339,Satisfactory
2025-05-06,18.729166666666668,24.208333333333332,256.4583333333333,5.5874999999999995,8.841666666666667,122.25,Chennai,2025,5,6,64.37856125356126,Satisfactory
2025-05-07,23.008333333333336,28.837500000000002,275.2916666666667,6.070833333333333,11.929166666666667,112.70833333333333,Chennai,2025,5,7,73.52207977207978,Satisfactory
2025-05-08,25.6375,32.00416666666667,316.4166666666667,7.916666666666667,12.679166666666667,137.25,Chennai,2025,5,8,79.21153846153847,Satisfactory
2025-05-09,21.916666666666668,29.079166666666666,349.0833333333333,8.054166666666667,10.8375,136.79166666666666,Chennai,2025,5,9,71.18945868945869,Satisfactory
2025-05-10,25.5625,31.0625,261.5416666666667,6.3125,11.35,128.25,Chennai,2025,5,10,78.97970085470085,Satisfactory
2025-05-11,29.02916666666667,36.987500000000004,265.625,6.641666666666667,10.65,126.125,Chennai,2025,5,11,86.87624643874643,Satisfactory
2025-05-12,29.46666666666667,36.93333333333333,348.875,8.095833333333333,9.829166666666667,136.04166666666666,Chennai,2025,5,12,89.66025641025641,Satisfactory
2025-05-13,33.11666666666667,40.979166666666664,315.2083333333333,8.237499999999999,7.929166666666667,138.16666666666666,Chennai,2025,5,13,98.16328347578349,Satisfactory
2025-05-14,22.325,27.995833333333334,310.75,6.3500000000000005,9.083333333333334,118.125,Chennai,2025,5,14,72.0619658119658,Satisfactory
2025-05-15,27.479166666666668,32.145833333333336,278.5,6.970833333333334,12.75,123.79166666666667,Chennai,2025,5,15,87.40580484330485,Satisfactory
2025-05-16,28.7625,31.941666666666666,317.5833333333333,6.191666666666666,11.825000000000001,136.625,Chennai,2025,5,16,86.48539886039886,Satisfactory
2025-05-17,36.78333333333333,38.42916666666667,373.0416666666667,10.441666666666666,13.491666666666667,133.41666666666666,Chennai,2025,5,17,118.8468660968661,Moderate
2025-05-18,26.2625,28.15833333333333,330.6666666666667,10.179166666666667,8.191666666666666,104.33333333333333,Chennai,2025,5,18,81.88951210826211,Satisfactory
2025-05-19,7.183333333333334,8.104166666666666,332.4583333333333,11.3375,8.954166666666667,53.791666666666664,Chennai,2025,5,19,29.930555555555554,Good
2025-05-20,20.599999999999998,21.116666666666667,393.25,14.245833333333332,16.416666666666668,116.5,Chennai,2025,5,20,67.6233084045584,Satisfactory
2025-05-21,18.224999999999998,19.420833333333334,476.625,14.641666666666666,15.116666666666667,104.0,Chennai,2025,5,21,63.30128205128205,Satisfactory
2025-05-22,21.733333333333334,37.0,385.625,13.7125,11.795833333333334,100.25,Chennai,2025,5,22,70.7977207977208,Satisfactory
2025-05-23,25.083333333333332,46.208333333333336,270.5833333333333,9.404166666666667,11.391666666666666,111.75,Chennai,2025,5,23,77.95584045584046,Satisfactory
2025-05-24,14.549999999999999,18.308333333333334,258.7083333333333,14.358333333333334,12.5875,75.70833333333333,Chennai,2025,5,24,55.43180199430199,Satisfactory
2025-05-25,11.329166666666666,13.0625,244.45833333333334,14.120833333333332,12.125,60.791666666666664,Chennai,2025,5,25,46.13915598290598,Good
2025-05-26,10.4125,11.266666666666666,260.0833333333333,13.025,9.8375,63.5,Chennai,2025,5,26,41.43162393162393,Good
2025-05-27,8.779166666666667,9.866666666666667,221.83333333333334,12.112499999999999,8.520833333333334,67.20833333333333,Chennai,2025,5,27,35.2096688034188,Good
2025-05-28,8.645833333333334,10.158333333333333,229.5,13.704166666666666,7.366666666666667,61.458333333333336,Chennai,2025,5,28,35.60986467236467,Good
2025-05-29,9.15,10.208333333333334,255.25,10.754166666666668,7.591666666666666,69.625,Chennai,2025,5,29,36.18812321937322,Good
2025-05-30,15.525,22.145833333333332,286.75,15.616666666666667,9.729166666666666,67.25,Chennai,2025,5,30,55.88274572649573,Satisfactory
2025-05-31,21.741666666666664,38.65,296.6666666666667,16.220833333333335,8.2875,80.41666666666667,Chennai,2025,5,31,70.72248931623932,Satisfactory
2025-06-01,23.2,38.53333333333333,275.75,14.237499999999999,7.5125,95.91666666666667,Chennai,2025,6,1,73.93162393162393,Satisfactory
2025-06-02,22.087500000000002,32.708333333333336,279.2083333333333,11.408333333333333,8.570833333333333,96.54166666666667,Chennai,2025,6,2,71.55448717948718,Satisfactory
2025-06-03,17.258333333333333,23.979166666666668,307.25,10.941666666666668,8.495833333333334,93.58333333333333,Chennai,2025,6,3,60.83823005698006,Satisfactory
2025-06-04,17.491666666666667,26.320833333333336,271.5,9.395833333333334,9.245833333333334,102.79166666666667,Chennai,2025,6,4,61.734330484330485,Satisfactory
2025-06-05,21.4875,45.54583333333333,212.79166666666666,8.145833333333334,6.083333333333333,92.66666666666667,Chennai,2025,6,5,70.2724358974359,Satisfactory
2025-06-06,27.1375,52.17916666666667,257.375,6.9875,8.5,110.0,Chennai,2025,6,6,82.34508547008546,Satisfactory
2025-06-07,31.9375,58.2875,332.125,11.770833333333334,8.820833333333333,112.16666666666667,Chennai,2025,6,7,93.65135327635329,Satisfactory
2025-06-08,27.508333333333336,39.44583333333333,301.375,12.337499999999999,8.058333333333334,119.29166666666667,Chennai,2025,6,8,83.13746438746439,Satisfactory
2025-06-09,21.7625,28.758333333333336,368.125,13.25,10.625,107.04166666666667,Chennai,2025,6,9,70.86004273504274,Satisfactory
2025-06-10,23.7375,33.574999999999996,310.1666666666667,13.7125,8.904166666666667,101.95833333333333,Chennai,2025,6,10,75.0801282051282,Satisfactory
2025-06-11,33.137499999999996,53.2125,293.375,16.145833333333332,12.183333333333332,100.625,Chennai,2025,6,11,103.2781339031339,Moderate
2025-06-12,24.316666666666666,33.75416666666667,351.5416666666667,11.520833333333334,10.6,108.70833333333333,Chennai,2025,6,12,76.5324074074074,Satisfactory
2025-06-13,18.55,22.3875,331.5833333333333,10.620833333333334,10.325000000000001,99.16666666666667,Chennai,2025,6,13,63.9957264957265,Satisfactory
2025-06-14,13.333333333333334,14.929166666666667,294.375,11.654166666666667,10.408333333333333,80.20833333333333,Chennai,2025,6,14,51.43652065527065,Satisfactory
2025-06-15,11.195833333333333,12.575000000000001,266.8333333333333,10.916666666666666,9.3125,70.33333333333333,Chennai,2025,6,15,44.82238247863248,Good
2025-06-16,11.5875,13.720833333333333,223.66666666666666,13.208333333333334,9.008333333333333,66.54166666666667,Chennai,2025,6,16,45.49011752136752,Good
2025-06-17,12.0375,13.9375,233.70833333333334,14.191666666666668,8.029166666666667,73.41666666666667,Chennai,2025,6,17,47.771100427350426,Good
2025-06-18,12.570833333333333,16.679166666666667,221.25,10.737499999999999,7.4125000000000005,76.125,Chennai,2025,6,18,47.481303418803414,Good
2025-06-19,12.924999999999999,17.320833333333333,241.08333333333334,10.541666666666666,7.3,77.83333333333333,Chennai,2025,6,19,50.69088319088319,Satisfactory
2025-06-20,15.208333333333334,22.920833333333334,250.45833333333334,10.066666666666666,8.554166666666667,86.125,Chennai,2025,6,20,56.77929131054131,Satisfactory
2025-06-21,17.866666666666667,28.358333333333334,276.75,12.595833333333333,8.783333333333333,82.54166666666667,Chennai,2025,6,21,62.535612535612536,Satisfactory
2025-06-22,13.354166666666666,19.341666666666665,246.66666666666666,13.829166666666666,8.625,63.583333333333336,Chennai,2025,6,22,50.48299501424501,Satisfactory
2025-06-23,9.258333333333333,12.016666666666666,323.125,13.8375,8.679166666666667,53.833333333333336,Chennai,2025,6,23,37.84900284900285,Good
2025-06-24,12.7125,18.195833333333333,237.45833333333334,15.316666666666668,7.5125,53.333333333333336,Chennai,2025,6,24,48.9596688034188,Good
2025-06-25,12.054166666666667,18.745833333333334,256.375,13.095833333333333,8.279166666666667,52.833333333333336,Chennai,2025,6,25,46.63105413105413,Good
2025-06-26,15.016666666666666,22.045833333333334,279.75,11.975,8.5,67.125,Chennai,2025,6,26,56.318999287749286,Satisfactory
2025-06-27,13.858333333333334,22.59166666666667,249.54166666666666,9.85,7.8999999999999995,72.33333333333333,Chennai,2025,6,27,52.23691239316239,Satisfactory
2025-06-28,14.458333333333334,23.075,252.29166666666666,10.049999999999999,7.9624999999999995,77.91666666666667,Chennai,2025,6,28,54.39013532763533,Satisfactory
2025-06-29,14.325000000000001,24.78333333333333,233.125,9.049999999999999,7.241666666666667,77.25,Chennai,2025,6,29,53.1579415954416,Satisfactory
2025-06-30,16.941666666666666,33.25833333333333,247.20833333333334,14.325000000000001,8.345833333333333,64.375,Chennai,2025,6,30,59.899394586894594,Satisfactory
2025-07-01,18.3625,34.12083333333333,308.7916666666667,16.091666666666665,8.495833333333334,61.833333333333336,Chennai,2025,7,1,63.45975783475783,Satisfactory
2025-07-02,13.325000000000001,20.070833333333333,311.2916666666667,13.491666666666667,7.8875,63.833333333333336,Chennai,2025,7,2,51.06347934472934,Satisfactory
2025-07-03,12.841666666666667,17.05,322.4583333333333,16.766666666666666,8.991666666666667,52.041666666666664,Chennai,2025,7,3,48.74510327635327,Good
2025-07-04,15.691666666666668,23.9375,268.6666666666667,14.341666666666667,8.554166666666667,65.08333333333333,Chennai,2025,7,4,56.34882478632479,Satisfactory
2025-07-05,12.133333333333333,17.829166666666666,279.25,14.112499999999999,7.5249999999999995,61.291666666666664,Chennai,2025,7,5,47.07932692307693,Good
2025-07-06,9.608333333333333,16.420833333333334,271.75,12.166666666666666,7.333333333333333,61.625,Chennai,2025,7,6,39.451121794871796,Good
2025-07-07,13.629166666666668,27.3625,210.66666666666666,12.825000000000001,7.120833333333334,62.75,Chennai,2025,7,7,49.99643874643875,Good
2025-07-08,16.208333333333332,31.808333333333334,208.16666666666666,10.908333333333333,7.204166666666667,72.08333333333333,Chennai,2025,7,8,57.706552706552706,Satisfactory
2025-07-09,25.195833333333336,51.59166666666667,308.1666666666667,14.370833333333332,7.8625,72.70833333333333,Chennai,2025,7,9,78.86431623931624,Satisfactory
2025-07-10,15.683333333333332,29.96666666666667,251.375,10.2,7.6499999999999995,70.33333333333333,Chennai,2025,7,10,56.97382478632479,Satisfactory
2025-07-11,15.799999999999999,28.079166666666666,215.125,8.275,6.9624999999999995,80.875,Chennai,2025,7,11,56.199697293447294,Satisfactory
2025-07-12,12.383333333333333,19.029166666666665,267.0833333333333,12.225,8.870833333333334,72.41666666666667,Chennai,2025,7,12,49.15286680911681,Good
2025-07-13,16.041666666666668,25.4875,338.1666666666667,11.666666666666666,8.033333333333333,76.125,Chennai,2025,7,13,58.077813390313395,Satisfactory
2025-07-14,16.058333333333334,27.854166666666668,360.4583333333333,11.970833333333333,8.225,72.95833333333333,Chennai,2025,7,14,58.206463675213676,Satisfactory
2025-07-15,12.4375,17.704166666666666,303.5833333333333,12.174999999999999,8.266666666666667,64.16666666666667,Chennai,2025,7,15,47.53472222222222,Good
2025-07-16,13.516666666666666,18.9625,250.95833333333334,11.633333333333333,8.049999999999999,74.04166666666667,Chennai,2025,7,16,51.93821225071225,Satisfactory
2025-07-17,12.725,16.712500000000002,270.0833333333333,10.533333333333333,9.504166666666666,76.70833333333333,Chennai,2025,7,17,47.74305555555555,Good
2025-07-18,13.558333333333332,16.662499999999998,298.7083333333333,12.1875,11.108333333333334,80.20833333333333,Chennai,2025,7,18,52.29789886039887,Satisfactory
2025-07-19,13.833333333333334,16.5125,339.2083333333333,14.5875,12.450000000000001,66.45833333333333,Chennai,2025,7,19,52.18349358974359,Satisfactory
2025-07-20,10.283333333333333,13.904166666666667,289.7916666666667,15.700000000000001,11.262500000000001,54.0,Chennai,2025,7,20,41.97605056980057,Good
2025-07-21,10.091666666666667,12.7125,321.3333333333333,16.504166666666666,11.808333333333332,48.666666666666664,Chennai,2025,7,21,41.21127136752137,Good
2025-07-22,9.495833333333334,12.608333333333334,333.8333333333333,12.15,8.741666666666665,65.45833333333333,Chennai,2025,7,22,39.29531695156695,Good
2025-07-23,9.666666666666666,10.833333333333334,323.2916666666667,13.65,8.704166666666667,58.541666666666664,Chennai,2025,7,23,36.767717236467234,Good
2025-07-24,9.958333333333334,11.179166666666667,312.375,16.07916666666667,9.983333333333333,53.375,Chennai,2025,7,24,40.215900997150996,Good
2025-07-25,10.891666666666666,14.1,288.7916666666667,13.625,8.795833333333333,54.541666666666664,Chennai,2025,7,25,44.36698717948718,Good
2025-07-26,12.0875,19.787499999999998,272.9583333333333,11.208333333333334,6.883333333333333,56.083333333333336,Chennai,2025,7,26,46.5162037037037,Good
2025-07-27,11.049999999999999,16.304166666666667,238.95833333333334,14.5625,7.675,54.083333333333336,Chennai,2025,7,27,42.666933760683754,Good
2025-07-28,13.983333333333334,23.087500000000002,236.95833333333334,12.791666666666666,7.195833333333333,59.416666666666664,Chennai,2025,7,28,53.493589743589745,Satisfactory
2025-07-29,11.233333333333334,20.6125,206.0,12.450000000000001,7.2749999999999995,51.791666666666664,Chennai,2025,7,29,44.175124643874646,Good
2025-07-30,13.825000000000001,24.416666666666668,221.0,10.729166666666666,7.079166666666667,69.625,Chennai,2025,7,30,50.567129629629626,Satisfactory
2025-07-31,23.375,46.9375,246.625,12.737499999999999,8.629166666666666,76.45833333333333,Chennai,2025,7,31,74.30555555555556,Satisfactory
2025-08-01,26.666666666666668,48.39166666666667,257.8333333333333,8.966666666666667,10.475,105.5,Chennai,2025,8,1,81.33903133903134,Satisfactory
2025-08-02,27.15833333333333,52.32916666666667,292.2083333333333,7.558333333333334,10.549999999999999,103.33333333333333,Chennai,2025,8,2,82.38960113960114,Satisfactory
2025-08-03,25.633333333333336,39.30833333333333,273.7083333333333,9.458333333333334,10.862499999999999,106.95833333333333,Chennai,2025,8,3,79.13105413105414,Satisfactory
2025-08-04,23.383333333333336,31.90833333333333,306.7916666666667,11.9125,9.766666666666667,90.5,Chennai,2025,8,4,74.32336182336182,Satisfactory
2025-08-05,24.6125,31.02916666666667,310.0833333333333,10.570833333333333,11.845833333333333,109.95833333333333,Chennai,2025,8,5,76.94978632478633,Satisfactory
2025-08-06,21.695833333333336,25.09166666666667,358.3333333333333,11.112499999999999,11.866666666666667,116.16666666666667,Chennai,2025,8,6,70.7175925925926,Satisfactory
2025-08-07,16.895833333333332,18.716666666666665,315.8333333333333,10.445833333333333,13.066666666666668,109.29166666666667,Chennai,2025,8,7,60.427350427350426,Satisfactory
2025-08-08,15.304166666666667,16.045833333333334,298.9583333333333,10.608333333333333,11.695833333333333,104.875,Chennai,2025,8,8,55.96064814814815,Satisfactory
2025-08-09,20.304166666666667,21.145833333333332,388.375,14.4625,11.883333333333333,101.41666666666667,Chennai,2025,8,9,67.15188746438746,Satisfactory
2025-08-10,21.029166666666665,23.433333333333334,362.6666666666667,13.595833333333333,13.933333333333332,92.0,Chennai,2025,8,10,69.28463319088318,Satisfactory
2025-08-11,14.9125,19.245833333333334,359.9166666666667,15.991666666666667,10.225,60.125,Chennai,2025,8,11,55.79193376068377,Satisfactory
2025-08-12,13.0,17.279166666666665,340.375,16.379166666666666,10.320833333333333,45.958333333333336,Chennai,2025,8,12,50.17450142450142,Satisfactory
2025-08-13,10.9625,13.041666666666666,349.6666666666667,16.841666666666665,9.700000000000001,37.375,Chennai,2025,8,13,44.86511752136752,Good
2025-08-14,15.808333333333332,17.4875,395.7916666666667,15.604166666666666,10.741666666666667,73.125,Chennai,2025,8,14,57.926014957264954,Satisfactory
2025-08-15,16.329166666666666,18.733333333333334,361.25,14.033333333333333,9.629166666666666,72.625,Chennai,2025,8,15,59.16577635327635,Satisfactory
2025-08-16,12.570833333333333,16.712500000000002,345.3333333333333,15.8125,9.370833333333334,48.458333333333336,Chennai,2025,8,16,48.225605413105406,Good
2025-08-17,13.049999999999999,15.895833333333334,406.9166666666667,20.133333333333333,11.504166666666668,41.333333333333336,Chennai,2025,8,17,51.01718304843305,Satisfactory
2025-08-18,10.025,11.316666666666668,319.7916666666667,15.549999999999999,8.75,50.791666666666664,Chennai,2025,8,18,41.03498931623931,Good
2025-08-19,13.379166666666668,17.166666666666668,402.9166666666667,15.491666666666667,8.120833333333334,55.125,Chennai,2025,8,19,52.40562678062678,Satisfactory
2025-08-20,16.016666666666666,20.599999999999998,330.25,14.245833333333332,7.179166666666667,76.58333333333333,Chennai,2025,8,20,58.193554131054135,Satisfactory
2025-08-21,19.629166666666666,28.008333333333336,294.0416666666667,13.295833333333334,9.841666666666667,83.16666666666667,Chennai,2025,8,21,66.30163817663818,Satisfactory
2025-08-22,20.3625,27.120833333333334,277.75,10.170833333333333,9.970833333333333,97.25,Chennai,2025,8,22,67.86858974358974,Satisfactory
2025-08-23,16.6875,24.083333333333332,351.8333333333333,13.237499999999999,9.158333333333333,78.83333333333333,Chennai,2025,8,23,59.618500712250714,Satisfactory
2025-08-24,20.445833333333333,26.175,388.625,11.4125,11.120833333333332,109.95833333333333,Chennai,2025,8,24,68.04665242165242,Satisfactory
2025-08-25,19.05,23.066666666666666,306.625,11.683333333333332,8.708333333333334,100.625,Chennai,2025,8,25,65.04718660968662,Satisfactory
2025-08-26,24.583333333333332,28.52916666666667,297.75,19.445833333333333,10.070833333333333,100.875,Chennai,2025,8,26,78.23557692307692,Satisfactory
2025-08-27,11.987499999999999,13.1875,263.4583333333333,20.145833333333332,9.354166666666666,44.5,Chennai,2025,8,27,45.5920584045584,Good
2025-08-28,12.875,14.429166666666667,301.0416666666667,12.333333333333334,9.3125,65.75,Chennai,2025,8,28,48.30884971509971,Good
2025-08-29,12.6,14.549999999999999,264.2083333333333,11.629166666666668,9.333333333333334,73.375,Chennai,2025,8,29,49.98798076923077,Good
2025-08-30,15.220833333333333,18.608333333333334,274.625,13.791666666666666,9.920833333333333,87.70833333333333,Chennai,2025,8,30,56.59455128205128,Satisfactory
2025-08-31,18.587500000000002,26.1875,314.25,15.829166666666667,10.841666666666667,65.0,Chennai,2025,8,31,64.00819088319089,Satisfactory
2025-09-01,14.9125,21.7625,328.4166666666667,18.783333333333335,11.258333333333333,48.25,Chennai,2025,9,1,56.04567307692307,Satisfactory
2025-09-02,14.729166666666666,23.40833333333333,260.875,15.891666666666666,8.383333333333333,52.958333333333336,Chennai,2025,9,2,55.044960826210826,Satisfactory
2025-09-03,11.929166666666667,16.704166666666666,291.4583333333333,12.362499999999999,9.270833333333334,63.958333333333336,Chennai,2025,9,3,46.87143874643874,Good
2025-09-04,16.575,22.079166666666666,240.83333333333334,13.416666666666666,10.058333333333334,77.83333333333333,Chennai,2025,9,4,59.74180911680912,Satisfactory
2025-09-05,18.962500000000002,26.958333333333332,245.54166666666666,11.633333333333333,9.825000000000001,97.08333333333333,Chennai,2025,9,5,64.87713675213675,Satisfactory
2025-09-06,24.316666666666666,34.12916666666667,279.5,8.570833333333333,10.7875,118.70833333333333,Chennai,2025,9,6,76.31766381766381,Satisfactory
2025-09-07,22.1125,28.441666666666666,286.4166666666667,8.575000000000001,9.275,116.54166666666667,Chennai,2025,9,7,71.60790598290599,Satisfactory
2025-09-08,20.358333333333334,25.90833333333333,252.25,9.916666666666666,8.7875,102.0,Chennai,2025,9,8,67.8596866096866,Satisfactory
2025-09-09,22.579166666666666,26.770833333333332,279.75,8.645833333333334,11.916666666666666,110.95833333333333,Chennai,2025,9,9,72.60505698005697,Satisfactory
2025-09-10,18.529166666666665,20.8,287.125,8.879166666666666,11.129166666666668,111.0,Chennai,2025,9,10,63.951210826210826,Satisfactory
2025-09-11,17.212500000000002,18.283333333333335,310.2916666666667,13.966666666666667,10.791666666666666,99.25,Chennai,2025,9,11,61.13782051282052,Satisfactory
2025-09-12,24.075,26.170833333333334,424.875,17.599999999999998,14.858333333333334,89.66666666666667,Chennai,2025,9,12,75.80128205128206,Satisfactory
2025-09-13,28.445833333333336,32.237500000000004,406.75,19.604166666666668,17.349999999999998,98.04166666666667,Chennai,2025,9,13,85.29576210826211,Satisfactory
2025-09-14,26.47083333333333,33.32083333333333,325.4583333333333,8.916666666666666,9.625,113.66666666666667,Chennai,2025,9,14,80.92058404558405,Satisfactory
2025-09-15,24.675,30.229166666666668,292.7916666666667,8.295833333333333,11.870833333333332,132.66666666666666,Chennai,2025,9,15,77.08333333333333,Satisfactory
2025-09-16,18.55,22.183333333333334,312.75,10.987499999999999,12.183333333333332,102.625,Chennai,2025,9,16,63.995726495726494,Satisfactory
2025-09-17,15.279166666666667,17.4875,297.5833333333333,9.708333333333334,12.075000000000001,94.5,Chennai,2025,9,17,56.98985042735043,Satisfactory
2025-09-18,19.55,20.433333333333334,356.375,11.3125,12.6875,109.04166666666667,Chennai,2025,9,18,66.13247863247864,Satisfactory
2025-09-19,15.516666666666666,16.775000000000002,378.7916666666667,12.670833333333334,11.924999999999999,83.41666666666667,Chennai,2025,9,19,57.05751424501424,Satisfactory
2025-09-20,13.683333333333332,17.445833333333333,347.2916666666667,16.287499999999998,13.783333333333333,67.58333333333333,Chennai,2025,9,20,51.37241809116809,Satisfactory
2025-09-21,16.016666666666666,21.004166666666666,403.4583333333333,15.7125,12.858333333333334,77.75,Chennai,2025,9,21,57.80448717948718,Satisfactory
2025-09-22,14.441666666666668,17.933333333333334,391.0,13.133333333333333,12.616666666666667,83.5,Chennai,2025,9,22,55.06499287749288,Satisfactory
2025-09-23,11.958333333333334,14.083333333333334,368.0833333333333,11.891666666666666,9.245833333333334,61.833333333333336,Chennai,2025,9,23,48.08404558404558,Good
2025-09-24,12.137500000000001,14.583333333333334,401.4166666666667,14.254166666666668,8.745833333333334,52.541666666666664,Chennai,2025,9,24,47.824074074074076,Good
2025-09-25,14.183333333333332,16.6875,291.375,13.366666666666667,8.833333333333334,69.95833333333333,Chennai,2025,9,25,54.56374643874644,Satisfactory
2025-09-26,11.25,12.554166666666667,352.5,15.391666666666666,8.629166666666666,54.583333333333336,Chennai,2025,9,26,43.50026709401709,Good
2025-09-27,12.4125,13.658333333333333,380.5,13.9625,8.395833333333334,59.208333333333336,Chennai,2025,9,27,48.479344729344724,Good
2025-09-28,15.237499999999999,17.858333333333334,332.0833333333333,13.504166666666668,9.370833333333334,71.25,Chennai,2025,9,28,55.60674857549858,Satisfactory
2025-09-29,15.35,19.904166666666665,312.9166666666667,16.495833333333334,11.304166666666667,64.16666666666667,Chennai,2025,9,29,55.75409544159544,Satisfactory
2025-09-30,21.8125,33.44166666666667,341.4166666666667,22.3875,13.641666666666666,54.375,Chennai,2025,9,30,70.96688034188034,Satisfactory
2025-10-01,17.620833333333334,22.766666666666666,423.75,25.195833333333336,10.870833333333332,38.458333333333336,Chennai,2025,10,1,60.73317307692307,Satisfactory
2025-10-02,18.095833333333335,21.816666666666666,443.0416666666667,17.566666666666666,11.529166666666667,84.5,Chennai,2025,10,2,63.01682692307693,Satisfactory
2025-10-03,17.575,21.849999999999998,316.7083333333333,13.629166666666668,10.987499999999999,81.375,Chennai,2025,10,3,61.54024216524217,Satisfactory
2025-10-04,15.387500000000001,17.483333333333334,427.3333333333333,12.358333333333334,10.816666666666668,98.79166666666667,Chennai,2025,10,4,56.97605056980057,Satisfactory
2025-10-05,19.900000000000002,22.816666666666666,409.9166666666667,15.866666666666667,10.179166666666667,98.625,Chennai,2025,10,5,66.88034188034187,Satisfactory
2025-10-06,19.483333333333334,21.287499999999998,470.125,12.0875,11.637500000000001,113.29166666666667,Chennai,2025,10,6,65.9900284900285,Satisfactory
2025-10-07,19.712500000000002,22.891666666666666,728.4583333333334,12.004166666666668,15.666666666666666,119.70833333333333,Chennai,2025,10,7,66.08217592592592,Satisfactory
2025-10-08,22.304166666666664,25.629166666666666,544.0833333333334,10.8375,9.154166666666667,112.0,Chennai,2025,10,8,72.01745014245014,Satisfactory
2025-10-09,22.758333333333336,25.420833333333334,370.8333333333333,10.575000000000001,12.745833333333332,113.375,Chennai,2025,10,9,72.98789173789173,Satisfactory
2025-10-10,21.8625,26.0,315.0416666666667,11.654166666666667,11.916666666666666,94.58333333333333,Chennai,2025,10,10,71.07371794871794,Satisfactory
2025-10-11,28.587500000000002,31.52916666666667,404.0833333333333,11.766666666666666,14.899999999999999,119.20833333333333,Chennai,2025,10,11,89.96492165242165,Satisfactory
2025-10-12,18.849999999999998,20.208333333333332,444.9166666666667,12.262500000000001,6.608333333333333,93.29166666666667,Chennai,2025,10,12,64.58600427350427,Satisfactory
2025-10-13,13.804166666666667,14.795833333333334,334.875,9.583333333333334,9.966666666666667,95.58333333333333,Chennai,2025,10,13,52.79780982905982,Satisfactory
2025-10-14,9.483333333333333,12.145833333333334,195.0,5.491666666666667,3.266666666666667,53.666666666666664,Chennai,2025,10,14,39.513888888888886,Good
2025-10-15,4.708333333333333,6.1499999999999995,163.5,4.8625,2.4166666666666665,41.458333333333336,Chennai,2025,10,15,19.618055555555554,Good
2025-10-16,5.0125,6.716666666666666,176.375,4.675,2.4583333333333335,42.083333333333336,Chennai,2025,10,16,20.885416666666668,Good
2025-10-17,4.2749999999999995,5.641666666666667,181.875,5.2124999999999995,2.795833333333333,28.5,Chennai,2025,10,17,17.8125,Good
2025-10-18,6.0874999999999995,7.7875000000000005,244.83333333333334,5.9750000000000005,4.204166666666667,31.875,Chennai,2025,10,18,25.364583333333332,Good
2025-10-19,6.679166666666667,8.225,207.33333333333334,7.191666666666666,4.804166666666666,39.625,Chennai,2025,10,19,27.82986111111111,Good
2025-10-20,5.533333333333334,7.391666666666667,173.16666666666666,5.245833333333334,2.6458333333333335,42.5,Chennai,2025,10,20,23.055555555555557,Good
2025-10-21,4.729166666666667,6.716666666666666,164.875,3.891666666666667,1.5875000000000001,57.416666666666664,Chennai,2025,10,21,19.70486111111111,Good
2025-10-22,5.808333333333334,7.983333333333333,203.79166666666666,6.0,1.9541666666666666,54.458333333333336,Chennai,2025,10,22,24.201388888888886,Good
2025-10-23,18.650000000000002,19.875,508.9166666666667,15.133333333333333,12.241666666666667,76.625,Chennai,2025,10,23,64.10790598290599,Satisfactory
2025-10-24,20.3625,20.629166666666666,629.5833333333334,21.283333333333335,17.883333333333333,61.666666666666664,Chennai,2025,10,24,67.20886752136752,Satisfactory
2025-10-25,12.145833333333334,12.841666666666667,454.375,16.712500000000002,12.625,61.875,Chennai,2025,10,25,44.10345441595442,Good
2025-10-26,7.795833333333333,9.716666666666667,371.9583333333333,8.237499999999999,3.9875000000000003,63.291666666666664,Chennai,2025,10,26,32.482638888888886,Good
2025-10-27,7.979166666666667,8.674999999999999,333.7916666666667,10.591666666666667,6.45,65.66666666666667,Chennai,2025,10,27,33.17040598290598,Good
2025-10-28,10.816666666666668,11.0375,356.7916666666667,14.408333333333333,7.066666666666666,45.25,Chennai,2025,10,28,42.870370370370374,Good
2025-10-29,15.695833333333333,17.579166666666666,359.7916666666667,10.958333333333334,9.333333333333334,86.29166666666667,Chennai,2025,10,29,57.89707977207977,Satisfactory
2025-10-30,17.641666666666666,20.3875,336.3333333333333,9.708333333333334,9.391666666666667,93.41666666666667,Chennai,2025,10,30,61.63194444444445,Satisfactory
2025-10-31,20.541666666666668,24.52916666666667,374.4166666666667,11.770833333333334,10.479166666666666,108.16666666666667,Chennai,2025,10,31,68.2514245014245,Satisfactory
2025-11-01,23.620833333333334,27.6375,352.9166666666667,11.0875,11.704166666666666,114.95833333333333,Chennai,2025,11,1,74.83084045584046,Satisfactory
2025-11-02,27.729166666666668,30.254166666666666,588.0833333333334,13.470833333333333,17.095833333333335,125.66666666666667,Chennai,2025,11,2,84.08653846153847,Satisfactory
2025-11-03,36.75833333333333,38.52916666666667,574.5416666666666,19.654166666666665,18.783333333333335,119.08333333333333,Chennai,2025,11,3,108.5334757834758,Moderate
2025-11-04,23.833333333333332,24.462500000000002,500.2083333333333,15.475,12.033333333333333,98.20833333333333,Chennai,2025,11,4,75.28490028490029,Satisfactory
2025-11-05,20.770833333333332,20.958333333333332,487.875,10.325000000000001,10.1875,98.54166666666667,Chennai,2025,11,5,68.74109686609687,Satisfactory
2025-11-06,13.779166666666667,14.058333333333332,429.2083333333333,10.383333333333335,7.683333333333334,95.41666666666667,Chennai,2025,11,6,53.25186965811966,Satisfactory
2025-11-07,26.90416666666667,27.916666666666668,437.6666666666667,13.354166666666666,6.758333333333333,101.5,Chennai,2025,11,7,84.54273504273505,Satisfactory
2025-11-08,37.295833333333334,39.52916666666667,386.7083333333333,9.549999999999999,7.383333333333333,117.79166666666667,Chennai,2025,11,8,112.47364672364672,Moderate
2025-11-09,45.612500000000004,48.854166666666664,403.625,5.566666666666666,8.083333333333334,127.79166666666667,Chennai,2025,11,9,151.16721022642074,Moderate
2025-11-10,42.12083333333333,45.25833333333333,371.875,5.575,8.0625,132.04166666666666,Chennai,2025,11,10,133.0358093417304,Moderate
2025-11-11,44.762499999999996,49.36666666666667,331.5,4.729166666666667,6.141666666666667,119.66666666666667,Chennai,2025,11,11,146.8125,Moderate
2025-11-12,39.800000000000004,44.975,346.0833333333333,4.791666666666667,5.845833333333334,117.41666666666667,Chennai,2025,11,12,122.58457977207978,Moderate
2025-11-13,40.2875,45.44166666666666,374.6666666666667,4.883333333333334,6.120833333333334,126.54166666666667,Chennai,2025,11,13,124.43750000000001,Moderate
2025-11-14,38.925,47.05833333333334,344.125,3.8333333333333335,4.925,127.83333333333333,Chennai,2025,11,14,117.69658119658119,Moderate
2025-11-15,44.425000000000004,53.512499999999996,338.2083333333333,4.416666666666667,3.141666666666667,117.875,Chennai,2025,11,15,145.125,Moderate
2025-11-16,42.520833333333336,50.29583333333333,304.75,3.0875,2.9375,124.79166666666667,Chennai,2025,11,16,135.60416666666666,Moderate
2025-11-17,28.55,33.074999999999996,342.2083333333333,4.054166666666666,2.7458333333333336,117.75,Chennai,2025,11,17,88.0096153846154,Satisfactory
2025-11-18,12.429166666666667,15.887500000000001,290.9166666666667,4.095833333333333,2.058333333333333,89.5,Chennai,2025,11,18,45.512375356125354,Good
2025-11-19,22.258333333333336,26.645833333333332,323.6666666666667,3.65,3.5625,111.54166666666667,Chennai,2025,11,19,71.91951566951566,Satisfactory
2025-11-20,15.512500000000001,19.3875,304.125,3.8125,2.504166666666667,102.66666666666667,Chennai,2025,11,20,55.74608262108262,Satisfactory
2025-11-21,5.4624999999999995,7.966666666666666,210.04166666666666,3.829166666666667,2.1,65.75,Chennai,2025,11,21,22.760416666666668,Good
2025-11-22,6.991666666666667,10.158333333333333,244.45833333333334,3.8041666666666667,2.0749999999999997,71.54166666666667,Chennai,2025,11,22,29.131944444444443,Good
2025-11-23,7.945833333333333,11.379166666666668,238.58333333333334,3.8041666666666667,2.2041666666666666,72.625,Chennai,2025,11,23,33.0315170940171,Good
2025-11-24,24.004166666666666,29.704166666666666,283.7916666666667,4.3500000000000005,2.6333333333333333,97.41666666666667,Chennai,2025,11,24,79.8318198005698,Satisfactory
2025-11-25,36.112500000000004,42.50833333333333,291.25,3.158333333333333,3.0541666666666667,123.83333333333333,Chennai,2025,11,25,112.42663817663818,Moderate
2025-11-26,42.487500000000004,49.93333333333334,278.2916666666667,3.4250000000000003,2.4125,119.29166666666667,Chennai,2025,11,26,135.4375,Moderate
2025-11-27,43.895833333333336,49.775,299.4166666666667,2.7541666666666664,4.041666666666667,133.08333333333334,Chennai,2025,11,27,142.49109686609685,Moderate
2025-11-28,30.170833333333334,35.354166666666664,274.5833333333333,2.9166666666666665,3.5083333333333333,123.0,Chennai,2025,11,28,88.82656695156696,Satisfactory
2025-11-29,8.583333333333334,12.454166666666666,208.20833333333334,2.8000000000000003,1.4875,92.79166666666667,Chennai,2025,11,29,35.57781339031339,Good
2025-11-30,6.804166666666667,9.475,222.25,2.6416666666666666,1.1875,91.66666666666667,Chennai,2025,11,30,28.350694444444443,Good
2025-12-01,8.141666666666667,10.016666666666667,271.1666666666667,2.8625000000000003,1.7666666666666666,93.95833333333333,Chennai,2025,12,1,33.92361111111111,Good
2025-12-02,9.195833333333333,12.058333333333332,297.625,3.15,1.5166666666666666,93.41666666666667,Chennai,2025,12,2,38.31597222222222,Good
2025-12-03,10.895833333333334,13.0375,325.875,6.191666666666666,2.8708333333333336,87.41666666666667,Chennai,2025,12,3,45.077902421652425,Good
2025-12-04,10.820833333333333,13.454166666666666,294.625,4.970833333333333,2.4,72.125,Chennai,2025,12,4,40.72248931623931,Good
2025-12-05,44.27916666666667,49.166666666666664,334.4166666666667,2.9958333333333336,3.658333333333333,120.08333333333333,Chennai,2025,12,5,146.55891063127908,Moderate
2025-12-06,45.9125,50.63333333333333,339.25,3.4,3.5875,113.83333333333333,Chennai,2025,12,6,152.5625,Moderate
2025-12-07,40.170833333333334,45.3375,338.1666666666667,3.470833333333333,4.1375,116.20833333333333,Chennai,2025,12,7,124.48646723646725,Moderate
2025-12-08,34.358333333333334,39.55416666666667,331.4583333333333,3.233333333333333,4.595833333333333,124.70833333333333,Chennai,2025,12,8,104.502849002849,Moderate
2025-12-09,36.800000000000004,42.449999999999996,356.625,3.1125000000000003,7.120833333333334,136.875,Chennai,2025,12,9,110.12571225071225,Moderate
2025-12-10,54.4375,61.75833333333333,379.0,3.375,9.066666666666666,136.58333333333334,Chennai,2025,12,10,182.52302631578948,Moderate
2025-12-11,59.42916666666667,66.40416666666667,426.4583333333333,3.3625000000000003,6.504166666666666,141.20833333333334,Chennai,2025,12,11,195.49122807017545,Moderate
2025-12-12,41.7875,48.137499999999996,323.5416666666667,3.858333333333333,6.6000000000000005,136.5,Chennai,2025,12,12,131.9375,Moderate
2025-12-13,30.24166666666667,36.5,344.5,4.620833333333334,5.3875,123.58333333333333,Chennai,2025,12,13,88.97792022792022,Satisfactory
2025-12-14,34.041666666666664,40.208333333333336,322.3333333333333,4.7749999999999995,4.245833333333334,123.70833333333333,Chennai,2025,12,14,101.94123931623932,Moderate
2025-12-15,47.25833333333333,54.479166666666664,357.9166666666667,4.158333333333333,4.45,127.375,Chennai,2025,12,15,159.1107456140351,Moderate
2025-12-16,19.108333333333334,24.379166666666666,250.08333333333334,3.170833333333333,2.1999999999999997,89.375,Chennai,2025,12,16,67.53819444444444,Satisfactory
2025-12-17,18.75,23.616666666666664,283.0833333333333,2.9,3.670833333333333,97.91666666666667,Chennai,2025,12,17,64.19239672364672,Satisfactory
2025-12-18,48.05416666666667,54.1625,406.5,4.320833333333334,6.458333333333333,126.75,Chennai,2025,12,18,160.49122807017545,Moderate
2025-12-19,56.708333333333336,61.79583333333333,447.375,6.516666666666667,9.512500000000001,124.70833333333333,Chennai,2025,12,19,196.03179824561403,Moderate
2025-12-20,73.4875,80.64583333333333,461.25,8.445833333333333,9.008333333333333,117.54166666666667,Chennai,2025,12,20,219.03947368421052,Poor
2025-12-21,53.02916666666667,61.375,368.25,6.1499999999999995,4.754166666666666,110.375,Chennai,2025,12,21,160.39393087419404,Moderate
2025-12-22,27.025000000000002,33.25416666666667,280.9166666666667,5.4750000000000005,2.1791666666666667,89.45833333333333,Chennai,2025,12,22,82.15242165242165,Satisfactory
2025-12-23,38.07083333333333,42.574999999999996,379.0416666666667,5.0249999999999995,4.05,105.95833333333333,Chennai,2025,12,23,115.23913817663818,Moderate
2025-12-24,34.82083333333333,39.545833333333334,351.8333333333333,5.3999999999999995,3.466666666666667,99.875,Chennai,2025,12,24,105.45530626780628,Moderate
2025-12-25,31.441666666666666,36.1,360.125,4.9375,3.3083333333333336,103.58333333333333,Chennai,2025,12,25,92.31748575498575,Satisfactory
2025-12-26,37.104166666666664,41.94166666666667,337.4583333333333,4.308333333333334,4.704166666666667,115.79166666666667,Chennai,2025,12,26,110.44159544159544,Moderate
2025-12-27,32.979166666666664,37.37083333333333,344.9583333333333,4.733333333333333,3.345833333333333,111.54166666666667,Chennai,2025,12,27,97.95299145299145,Satisfactory
2025-12-28,42.57083333333333,45.975,380.1666666666667,5.054166666666666,4.0125,113.0,Chennai,2025,12,28,137.1187678062678,Moderate
2025-12-29,50.479166666666664,54.3375,375.0833333333333,4.5874999999999995,6.016666666666667,116.41666666666667,Chennai,2025,12,29,175.19846491228068,Moderate
2025-12-30,54.475,58.19166666666666,411.0,5.1625000000000005,5.008333333333334,109.79166666666667,Chennai,2025,12,30,187.6447368421053,Moderate
2025-12-31,36.4,39.795833333333334,356.7916666666667,4.879166666666666,2.9375,101.04166666666667,Chennai,2025,12,31,117.83006260308893,Moderate
2025-01-01,145.17499999999998,147.8375,1414.0833333333333,34.61666666666667,31.28333333333333,77.375,Delhi,2025,1,1,294.11188614105544,Poor
2025-01-02,145.37083333333334,149.34166666666667,1576.7916666666667,33.24166666666667,38.1,81.29166666666667,Delhi,2025,1,2,294.3318008877616,Poor
2025-01-03,158.79166666666666,168.17916666666667,2099.125,54.083333333333336,48.36666666666667,62.875,Delhi,2025,1,3,307.75913302332134,Very Poor
2025-01-04,166.49166666666667,176.47916666666666,2588.5833333333335,76.29583333333333,63.4625,77.20833333333333,Delhi,2025,1,4,315.39444620587614,Very Poor
2025-01-05,158.225,163.80416666666667,1660.9583333333333,44.4125,48.44166666666666,94.33333333333333,Delhi,2025,1,5,307.32287042908473,Very Poor
2025-01-06,141.20416666666668,143.80833333333334,1465.9166666666667,37.61666666666667,50.73333333333333,85.0,Delhi,2025,1,6,290.1672391319665,Poor
2025-01-07,109.76666666666667,110.875,834.2083333333334,21.775000000000002,30.5,92.08333333333333,Delhi,2025,1,7,257.22807017543863,Poor
2025-01-08,71.92083333333333,73.19583333333334,1011.2083333333334,29.708333333333332,29.650000000000002,85.16666666666667,Delhi,2025,1,8,204.68638476533215,Poor
2025-01-09,161.0375,163.82916666666668,3039.4166666666665,80.125,80.50416666666668,70.16666666666667,Delhi,2025,1,9,308.99569329951385,Very Poor
2025-01-10,256.73333333333335,259.04583333333335,2442.0416666666665,86.02916666666665,83.47500000000001,83.79166666666667,Delhi,2025,1,10,406.6518001831889,Severe
2025-01-11,155.46666666666667,157.98333333333332,1290.3333333333333,39.891666666666666,44.512499999999996,83.66666666666667,Delhi,2025,1,11,304.163522511097,Very Poor
2025-01-12,86.39166666666667,88.83749999999999,1262.9166666666667,34.8375,36.78333333333333,76.5,Delhi,2025,1,12,232.62280701754386,Poor
2025-01-13,92.58749999999999,93.3,1196.0416666666667,31.9375,31.84583333333333,66.25,Delhi,2025,1,13,239.1447368421053,Poor
2025-01-14,115.35000000000001,116.23333333333333,1708.7083333333333,47.80416666666667,49.104166666666664,82.66666666666667,Delhi,2025,1,14,262.3373405904319,Poor
2025-01-15,205.625,208.48749999999998,2345.9583333333335,83.17916666666666,66.68333333333334,69.45833333333333,Delhi,2025,1,15,355.1694761502149,Very Poor
2025-01-16,130.75833333333333,132.79999999999998,1154.7916666666667,49.5625,44.729166666666664,62.25,Delhi,2025,1,16,278.9820245895864,Poor
2025-01-17,99.83333333333333,101.01666666666667,1054.9166666666667,28.979166666666668,36.13333333333333,72.58333333333333,Delhi,2025,1,17,246.7719298245614,Poor
2025-01-18,139.70000000000002,142.30833333333334,2035.3333333333333,54.27916666666667,55.237500000000004,58.708333333333336,Delhi,2025,1,18,287.83036532093286,Poor
2025-01-19,173.14583333333334,176.07916666666665,2446.125,71.78333333333333,80.64166666666667,68.08333333333333,Delhi,2025,1,19,322.12699041781156,Very Poor
2025-01-20,104.75416666666666,105.49166666666667,1409.2083333333333,31.3875,33.55416666666667,77.375,Delhi,2025,1,20,251.90070809554004,Poor
2025-01-21,82.075,83.14583333333333,1234.125,26.108333333333334,25.745833333333334,86.20833333333333,Delhi,2025,1,21,223.07894736842104,Poor
2025-01-22,87.74583333333334,93.77499999999999,1228.5833333333333,41.9,35.5,65.83333333333333,Delhi,2025,1,22,227.56798245614036,Poor
2025-01-23,75.02916666666667,80.27083333333333,847.7916666666666,36.579166666666666,30.745833333333334,65.75,Delhi,2025,1,23,203.22668316089369,Poor
2025-01-24,54.99166666666667,60.550000000000004,797.9166666666666,23.712500000000002,24.758333333333336,77.95833333333333,Delhi,2025,1,24,177.5992840005998,Moderate
2025-01-25,48.083333333333336,52.26666666666667,875.6666666666666,24.325,22.729166666666668,72.58333333333333,Delhi,2025,1,25,165.59016531713903,Moderate
2025-01-26,58.24583333333334,61.487500000000004,1085.75,31.070833333333336,27.979166666666668,71.58333333333333,Delhi,2025,1,26,179.9837775528565,Moderate
2025-01-27,74.08333333333333,77.4875,1181.7083333333333,32.041666666666664,30.27916666666667,82.75,Delhi,2025,1,27,213.74561403508775,Poor
2025-01-28,98.42916666666667,99.84166666666665,1509.375,47.041666666666664,46.2125,85.83333333333333,Delhi,2025,1,28,244.8134643838512,Poor
2025-01-29,145.225,146.64166666666668,1493.4166666666667,58.67083333333333,59.199999999999996,98.91666666666667,Delhi,2025,1,29,293.8554040724301,Poor
2025-01-30,153.19166666666666,155.30833333333334,1150.2916666666667,49.8375,56.36666666666667,112.25,Delhi,2025,1,30,302.07708905798637,Very Poor
2025-01-31,162.8375,170.04583333333332,1521.4583333333333,72.05,59.87083333333334,77.16666666666667,Delhi,2025,1,31,310.56102480095825,Very Poor
2025-02-01,96.9375,109.07916666666667,998.5416666666666,34.28333333333334,31.84583333333333,91.58333333333333,Delhi,2025,2,1,241.56907894736844,Poor
2025-02-02,98.68333333333334,111.87916666666666,799.7083333333334,25.416666666666668,32.704166666666666,82.75,Delhi,2025,2,2,245.56140350877195,Poor
2025-02-03,97.125,101.52916666666665,972.5,39.104166666666664,35.9625,73.04166666666667,Delhi,2025,2,3,233.07745015148313,Poor
2025-02-04,95.77499999999999,98.39166666666667,1057.4166666666667,55.520833333333336,50.50833333333333,52.833333333333336,Delhi,2025,2,4,235.77144543084623,Poor
2025-02-05,74.57083333333334,79.41250000000001,730.375,28.291666666666668,29.037499999999998,70.875,Delhi,2025,2,5,205.60745614035088,Poor
2025-02-06,58.53333333333333,82.2,620.4583333333334,16.208333333333332,23.429166666666664,96.08333333333333,Delhi,2025,2,6,187.37719298245614,Moderate
2025-02-07,51.40416666666667,97.00416666666666,618.0416666666666,16.025000000000002,20.145833333333332,91.83333333333333,Delhi,2025,2,7,168.46980431848854,Moderate
2025-02-08,51.475,93.69583333333333,706.4583333333334,24.145833333333332,22.8125,84.875,Delhi,2025,2,8,160.5038049182786,Moderate
2025-02-09,73.94166666666666,92.29166666666667,1073.7083333333333,38.31666666666667,32.862500000000004,82.41666666666667,Delhi,2025,2,9,207.28070175438597,Poor
2025-02-10,96.99583333333334,105.69583333333333,1185.625,49.02916666666667,38.30416666666667,80.375,Delhi,2025,2,10,226.87582471135102,Poor
2025-02-11,99.1125,110.79583333333333,1124.7916666666667,44.59166666666667,41.699999999999996,79.75,Delhi,2025,2,11,233.30561664110334,Poor
2025-02-12,52.56666666666666,116.6375,665.75,19.383333333333333,22.150000000000002,80.54166666666667,Delhi,2025,2,12,172.57479569650624,Moderate
2025-02-13,44.25833333333333,126.74166666666667,520.4583333333334,14.725,16.216666666666665,91.04166666666667,Delhi,2025,2,13,142.96027327935224,Moderate
2025-02-14,45.55416666666667,89.44583333333333,579.625,18.020833333333332,19.849999999999998,86.33333333333333,Delhi,2025,2,14,150.8749812565602,Moderate
2025-02-15,67.15833333333333,87.575,863.0416666666666,37.795833333333334,31.84583333333333,72.54166666666667,Delhi,2025,2,15,190.27589406207827,Moderate
2025-02-16,89.46249999999999,108.50416666666666,950.2083333333334,48.15833333333333,41.19583333333333,69.25,Delhi,2025,2,16,225.26315789473685,Poor
2025-02-17,73.97083333333333,85.70833333333333,1110.375,34.112500000000004,34.15,74.54166666666667,Delhi,2025,2,17,201.64459626630682,Poor
2025-02-18,62.949999999999996,107.91666666666667,972.5833333333334,30.599999999999998,26.541666666666668,72.83333333333333,Delhi,2025,2,18,181.48590493327336,Moderate
2025-02-19,60.604166666666664,99.2375,931.0416666666666,30.837500000000002,25.870833333333334,80.08333333333333,Delhi,2025,2,19,182.93373256860102,Moderate
2025-02-20,50.32916666666667,100.41250000000001,445.2916666666667,25.675,22.0125,81.29166666666667,Delhi,2025,2,20,156.20834270505324,Moderate
2025-02-21,54.44583333333333,86.47916666666667,554.125,21.7375,27.833333333333332,102.04166666666667,Delhi,2025,2,21,182.46600877192984,Moderate
2025-02-22,51.44583333333333,107.6125,559.75,18.879166666666666,18.829166666666666,85.66666666666667,Delhi,2025,2,22,169.04925775978407,Moderate
2025-02-23,51.208333333333336,100.33333333333333,722.3333333333334,26.28333333333333,22.849999999999998,90.41666666666667,Delhi,2025,2,23,164.0282557354926,Moderate
2025-02-24,66.78333333333333,128.525,897.5416666666666,33.387499999999996,27.070833333333336,91.41666666666667,Delhi,2025,2,24,188.13610548807915,Moderate
2025-02-25,79.35000000000001,134.39583333333334,1061.9166666666667,45.10833333333333,37.1,88.29166666666667,Delhi,2025,2,25,206.49110623781678,Poor
2025-02-26,80.87083333333334,146.63333333333335,1325.9166666666667,52.125,42.4375,95.70833333333333,Delhi,2025,2,26,218.99890350877195,Poor
2025-02-27,55.9625,155.6625,748.0833333333334,34.862500000000004,25.679166666666664,62.041666666666664,Delhi,2025,2,27,169.63815789473685,Moderate
2025-02-28,45.86666666666667,108.21666666666665,512.0416666666666,27.820833333333336,25.675,70.16666666666667,Delhi,2025,2,28,143.88913255360623,Moderate
2025-03-01,55.833333333333336,94.9375,596.6666666666666,24.083333333333332,27.412499999999998,100.25,Delhi,2025,3,1,173.01544459439197,Moderate
2025-03-02,60.854166666666664,181.77916666666667,621.7916666666666,23.866666666666664,22.650000000000002,69.95833333333333,Delhi,2025,3,2,185.58718511021144,Moderate
2025-03-03,57.32083333333333,151.10833333333332,751.125,30.34583333333333,28.258333333333336,95.5,Delhi,2025,3,3,176.54926713150397,Moderate
2025-03-04,86.89583333333333,380.9708333333333,434.875,24.066666666666666,22.97083333333333,82.91666666666667,Delhi,2025,3,4,232.15021929824562,Poor
2025-03-05,137.97916666666666,929.8416666666667,373.0,10.179166666666667,13.299999999999999,100.58333333333333,Delhi,2025,3,5,286.5847248643698,Poor
2025-03-06,98.79583333333333,573.5083333333333,724.4166666666666,24.020833333333332,19.145833333333332,81.08333333333333,Delhi,2025,3,6,245.6798245614035,Poor
2025-03-07,74.00416666666666,323.37083333333334,1155.0,31.27916666666667,25.78333333333333,88.125,Delhi,2025,3,7,201.0576923076923,Poor
2025-03-08,76.7625,354.6375,927.25,30.270833333333332,25.583333333333332,98.25,Delhi,2025,3,8,215.2828947368421,Poor
2025-03-09,89.625,350.97499999999997,1158.7916666666667,38.06666666666667,33.52916666666667,104.79166666666667,Delhi,2025,3,9,235.2203947368421,Poor
2025-03-10,79.43333333333332,316.78333333333336,688.7083333333334,29.5625,27.170833333333334,108.04166666666667,Delhi,2025,3,10,225.29824561403507,Poor
2025-03-11,81.47083333333333,204.8375,786.5833333333334,37.86666666666667,36.175000000000004,109.41666666666667,Delhi,2025,3,11,214.33442982456143,Poor
2025-03-12,77.18333333333334,356.78749999999997,644.125,21.7625,24.4875,84.33333333333333,Delhi,2025,3,12,221.61403508771932,Poor
2025-03-13,66.875,236.9375,711.3333333333334,25.962500000000002,24.883333333333336,88.875,Delhi,2025,3,13,199.36513157894737,Moderate
2025-03-14,63.637499999999996,225.49166666666667,664.5,27.775000000000002,29.233333333333334,97.91666666666667,Delhi,2025,3,14,205.1184210526316,Poor
2025-03-15,56.31666666666666,320.82916666666665,448.6666666666667,22.191666666666666,17.141666666666666,96.58333333333333,Delhi,2025,3,15,173.8979888289099,Moderate
2025-03-16,57.71666666666667,322.00416666666666,469.625,17.270833333333332,16.141666666666666,92.91666666666667,Delhi,2025,3,16,169.80111336032388,Moderate
2025-03-17,68.82083333333334,388.31666666666666,492.6666666666667,17.658333333333335,17.3625,97.91666666666667,Delhi,2025,3,17,210.0482456140351,Poor
2025-03-18,69.04166666666667,409.02500000000003,490.375,19.008333333333333,17.229166666666668,107.66666666666667,Delhi,2025,3,18,207.0076754385965,Poor
2025-03-19,70.09583333333333,385.7833333333333,675.5,22.183333333333334,20.283333333333335,105.08333333333333,Delhi,2025,3,19,197.0329603388814,Moderate
2025-03-20,62.6625,303.4291666666667,596.8333333333334,21.979166666666668,21.65833333333333,97.33333333333333,Delhi,2025,3,20,186.39996626180837,Moderate
2025-03-21,77.10000000000001,481.31666666666666,476.5833333333333,19.195833333333333,16.841666666666665,90.70833333333333,Delhi,2025,3,21,218.1546052631579,Poor
2025-03-22,62.00416666666666,275.06666666666666,608.0,23.608333333333334,19.6375,96.25,Delhi,2025,3,22,186.19065826960562,Moderate
2025-03-23,66.14583333333333,155.33333333333334,919.2083333333334,41.9,38.262499999999996,109.04166666666667,Delhi,2025,3,23,194.32127192982455,Moderate
2025-03-24,67.65416666666667,185.57083333333333,948.5,35.137499999999996,34.80416666666667,124.83333333333333,Delhi,2025,3,24,205.84320175438597,Poor
2025-03-25,73.06666666666666,203.20000000000002,781.0,36.1625,33.916666666666664,125.875,Delhi,2025,3,25,205.65241228070178,Poor
2025-03-26,68.20833333333333,199.77916666666667,991.125,39.6625,32.766666666666666,100.58333333333333,Delhi,2025,3,26,193.1808554505923,Moderate
2025-03-27,76.78333333333333,371.2833333333333,730.8333333333334,34.170833333333334,22.962500000000002,80.83333333333333,Delhi,2025,3,27,222.50877192982455,Poor
2025-03-28,108.39583333333333,705.5541666666667,388.4166666666667,19.070833333333333,16.558333333333334,101.29166666666667,Delhi,2025,3,28,255.74084936236173,Poor
2025-03-29,133.76666666666668,922.6208333333334,359.9583333333333,11.341666666666667,15.079166666666666,121.95833333333333,Delhi,2025,3,29,282.36482773198054,Poor
2025-03-30,101.7625,702.8458333333333,453.2916666666667,14.291666666666666,16.670833333333334,117.5,Delhi,2025,3,30,248.80263157894737,Poor
2025-03-31,68.42916666666666,427.8333333333333,504.5,16.3875,18.349999999999998,118.83333333333333,Delhi,2025,3,31,199.89912280701753,Moderate
2025-04-01,71.57916666666667,437.45416666666665,522.5,18.454166666666666,17.191666666666666,111.29166666666667,Delhi,2025,4,1,208.62609649122808,Poor
2025-04-02,58.54583333333333,266.6458333333333,825.8333333333334,26.066666666666666,21.5,107.375,Delhi,2025,4,2,170.62425963412804,Moderate
2025-04-03,48.666666666666664,201.55416666666667,1022.8333333333334,23.004166666666666,28.204166666666666,122.91666666666667,Delhi,2025,4,3,160.3832096266307,Moderate
2025-04-04,56.37916666666666,269.9916666666667,644.9583333333334,19.587500000000002,22.558333333333334,112.83333333333333,Delhi,2025,4,4,180.42296446243816,Moderate
2025-04-05,74.22083333333333,434.7708333333333,501.8333333333333,15.666666666666666,18.129166666666666,114.41666666666667,Delhi,2025,4,5,213.4956140350877,Poor
2025-04-06,47.20416666666667,193.42916666666667,750.5416666666666,23.770833333333332,21.191666666666666,116.29166666666667,Delhi,2025,4,6,155.8870707752287,Moderate
2025-04-07,61.54583333333333,220.13750000000002,821.2083333333334,30.483333333333334,29.733333333333334,133.83333333333334,Delhi,2025,4,7,199.38048245614036,Moderate
2025-04-08,70.55833333333334,302.5833333333333,674.2916666666666,24.116666666666664,24.633333333333336,133.875,Delhi,2025,4,8,214.1798245614035,Poor
2025-04-09,73.325,283.84999999999997,603.4583333333334,21.829166666666666,25.441666666666666,136.5,Delhi,2025,4,9,217.33881578947367,Poor
2025-04-10,96.50416666666666,474.9791666666667,767.7083333333334,18.695833333333333,27.008333333333336,136.45833333333334,Delhi,2025,4,10,243.26754385964912,Poor
2025-04-11,113.27916666666665,666.4375,617.1666666666666,15.945833333333333,26.120833333333334,130.75,Delhi,2025,4,11,260.92543859649123,Poor
2025-04-12,80.41666666666667,353.8333333333333,721.2083333333334,17.258333333333333,28.0625,140.08333333333334,Delhi,2025,4,12,226.11951754385964,Poor
2025-04-13,55.85,176.99166666666667,693.0,22.7375,25.962500000000002,133.875,Delhi,2025,4,13,185.42434210526315,Moderate
2025-04-14,70.83749999999999,331.2708333333333,628.4583333333334,22.7,25.070833333333336,131.83333333333334,Delhi,2025,4,14,216.21710526315792,Poor
2025-04-15,57.0375,268.56666666666666,512.4583333333334,17.9875,21.445833333333336,137.5,Delhi,2025,4,15,198.07236842105263,Moderate
2025-04-16,72.34583333333333,311.08750000000003,552.2916666666666,19.304166666666667,23.037499999999998,141.20833333333334,Delhi,2025,4,16,217.83771929824562,Poor
2025-04-17,68.3375,296.975,693.2916666666666,19.2375,22.795833333333334,139.875,Delhi,2025,4,17,210.50986842105263,Poor
2025-04-18,71.90833333333333,318.19166666666666,662.1666666666666,18.954166666666666,26.78333333333333,147.95833333333334,Delhi,2025,4,18,217.37719298245614,Poor
2025-04-19,99.19166666666666,610.1708333333333,489.875,11.966666666666667,21.733333333333334,151.41666666666666,Delhi,2025,4,19,246.09649122807016,Poor
2025-04-20,95.95,535.0916666666667,498.75,13.012500000000001,22.108333333333334,143.08333333333334,Delhi,2025,4,20,242.58552631578948,Poor
2025-04-21,75.05833333333334,350.59999999999997,545.4583333333334,20.162499999999998,24.724999999999998,129.58333333333334,Delhi,2025,4,21,220.1831140350877,Poor
2025-04-22,68.10833333333333,387.4708333333333,488.375,20.525000000000002,16.025000000000002,111.33333333333333,Delhi,2025,4,22,209.66008771929828,Poor
2025-04-23,78.87083333333334,453.91249999999997,521.375,19.233333333333334,17.3125,126.08333333333333,Delhi,2025,4,23,216.1206140350877,Poor
2025-04-24,63.46666666666667,290.6708333333333,682.625,25.21666666666667,19.366666666666667,113.375,Delhi,2025,4,24,178.44051769380715,Moderate
2025-04-25,54.949999999999996,217.6208333333333,779.875,27.295833333333334,21.2,117.70833333333333,Delhi,2025,4,25,163.58561066126856,Moderate
2025-04-26,50.225,161.08333333333334,738.9583333333334,35.541666666666664,23.895833333333332,121.04166666666667,Delhi,2025,4,26,158.23262483130904,Moderate
2025-04-27,65.58333333333333,335.37916666666666,577.25,18.587500000000002,18.779166666666665,126.5,Delhi,2025,4,27,191.301563202879,Moderate
2025-04-28,77.35416666666667,418.8625,506.4583333333333,18.033333333333335,20.579166666666666,141.91666666666666,Delhi,2025,4,28,222.6326754385965,Poor
2025-04-29,85.70416666666667,441.5708333333334,505.5833333333333,14.862499999999999,24.558333333333334,158.66666666666666,Delhi,2025,4,29,231.89912280701756,Poor
2025-04-30,75.74583333333334,378.15000000000003,518.5,14.975,22.099999999999998,155.625,Delhi,2025,4,30,221.41666666666666,Poor
2025-05-01,87.27916666666665,430.6541666666667,483.5,14.262500000000001,23.2625,147.25,Delhi,2025,5,1,233.55701754385964,Poor
2025-05-02,73.80833333333334,232.60833333333335,839.375,20.0,26.441666666666666,144.20833333333334,Delhi,2025,5,2,219.14692982456143,Poor
2025-05-03,71.16666666666667,239.80416666666667,814.9166666666666,20.695833333333333,24.379166666666666,156.0,Delhi,2025,5,3,216.59649122807016,Poor
2025-05-04,77.39999999999999,367.50416666666666,655.4583333333334,18.075,23.34166666666667,144.83333333333334,Delhi,2025,5,4,222.08881578947367,Poor
2025-05-05,67.27083333333333,279.09999999999997,491.125,15.945833333333333,21.870833333333334,136.79166666666666,Delhi,2025,5,5,212.15021929824562,Poor
2025-05-06,68.50416666666666,250.4125,562.7083333333334,19.825,22.712500000000002,118.875,Delhi,2025,5,6,213.77741228070178,Poor
2025-05-07,62.19166666666666,231.27083333333334,539.7916666666666,17.491666666666667,21.77916666666667,133.83333333333334,Delhi,2025,5,7,207.11622807017545,Poor
2025-05-08,70.72500000000001,273.6791666666667,710.875,30.804166666666664,22.52916666666667,104.875,Delhi,2025,5,8,216.13157894736844,Poor
2025-05-09,62.05833333333334,231.52083333333334,734.4166666666666,27.829166666666666,25.349999999999998,107.45833333333333,Delhi,2025,5,9,195.80811403508775,Moderate
2025-05-10,53.42916666666667,170.6625,811.25,21.59166666666667,29.066666666666666,130.20833333333334,Delhi,2025,5,10,179.8826754385965,Moderate
2025-05-11,77.63333333333334,319.65416666666664,786.5833333333334,28.02916666666667,24.483333333333334,114.0,Delhi,2025,5,11,214.17653508771932,Poor
2025-05-12,92.09166666666665,477.22499999999997,631.625,28.0125,21.037499999999998,108.04166666666667,Delhi,2025,5,12,236.07346491228068,Poor
2025-05-13,87.075,473.9916666666666,523.4166666666666,34.104166666666664,18.404166666666665,86.125,Delhi,2025,5,13,233.34210526315792,Poor
2025-05-14,87.29166666666667,436.59999999999997,561.6666666666666,35.6,19.308333333333334,94.70833333333333,Delhi,2025,5,14,230.21491228070178,Poor
2025-05-15,85.86666666666667,419.89166666666665,685.4166666666666,42.541666666666664,23.15833333333333,98.75,Delhi,2025,5,15,224.47149122807016,Poor
2025-05-16,79.15416666666667,383.0833333333333,555.9583333333334,36.916666666666664,23.583333333333332,114.75,Delhi,2025,5,16,224.9879385964912,Poor
2025-05-17,76.7,421.40000000000003,507.4583333333333,20.5,20.704166666666666,128.0,Delhi,2025,5,17,222.42105263157896,Poor
2025-05-18,75.1375,336.87083333333334,516.1666666666666,18.320833333333333,19.9375,145.0,Delhi,2025,5,18,220.77631578947367,Poor
2025-05-19,92.21249999999999,400.10833333333335,532.9166666666666,15.841666666666667,26.075,166.0,Delhi,2025,5,19,238.7171052631579,Poor
2025-05-20,107.375,492.4041666666667,607.4166666666666,15.674999999999999,23.991666666666664,161.58333333333334,Delhi,2025,5,20,254.71052631578948,Poor
2025-05-21,114.51666666666667,596.0541666666667,597.75,14.545833333333334,24.895833333333332,165.58333333333334,Delhi,2025,5,21,262.22807017543863,Poor
2025-05-22,129.98749999999998,730.775,550.0,15.104166666666666,26.97083333333333,155.16666666666666,Delhi,2025,5,22,278.156644120341,Poor
2025-05-23,101.35000000000001,610.7208333333333,480.5416666666667,13.862499999999999,21.9875,151.83333333333334,Delhi,2025,5,23,248.3684210526316,Poor
2025-05-24,92.30833333333334,507.25,469.0416666666667,13.2875,18.5,140.0,Delhi,2025,5,24,237.86403508771932,Poor
2025-05-25,96.54166666666667,512.2666666666667,598.3333333333334,14.299999999999999,19.791666666666668,143.5,Delhi,2025,5,25,242.96162280701753,Poor
2025-05-26,56.73333333333333,146.17916666666667,560.2083333333334,26.633333333333336,25.625,144.54166666666666,Delhi,2025,5,26,183.91995614035088,Moderate
2025-05-27,56.604166666666664,150.73749999999998,557.2083333333334,28.870833333333334,24.2625,125.45833333333333,Delhi,2025,5,27,189.95175438596493,Moderate
2025-05-28,68.4375,185.08333333333334,580.0416666666666,28.724999999999998,29.21666666666667,139.33333333333334,Delhi,2025,5,28,212.34210526315792,Poor
2025-05-29,93.65416666666665,278.85833333333335,616.9166666666666,38.18333333333333,34.99583333333333,123.33333333333333,Delhi,2025,5,29,240.26754385964912,Poor
2025-05-30,100.89999999999999,337.8041666666667,754.3333333333334,33.9125,31.7,128.70833333333334,Delhi,2025,5,30,247.8947368421053,Poor
2025-05-31,115.52916666666665,419.65000000000003,764.9166666666666,34.854166666666664,32.8125,136.70833333333334,Delhi,2025,5,31,263.05280772211654,Poor
2025-06-01,91.24583333333334,435.14166666666665,375.4583333333333,21.96666666666667,18.091666666666665,96.54166666666667,Delhi,2025,6,1,237.73245614035088,Poor
2025-06-02,77.55416666666666,304.25,355.7083333333333,22.400000000000002,20.3125,117.83333333333333,Delhi,2025,6,2,223.30372807017545,Poor
2025-06-03,82.6375,369.5833333333333,534.25,21.59166666666667,27.175,126.625,Delhi,2025,6,3,228.67105263157896,Poor
2025-06-04,93.02083333333333,418.34999999999997,662.4166666666666,18.833333333333332,20.358333333333334,134.95833333333334,Delhi,2025,6,4,239.60087719298247,Poor
2025-06-05,100.36666666666667,395.4708333333333,584.5416666666666,24.90416666666667,33.487500000000004,150.25,Delhi,2025,6,5,247.33333333333334,Poor
2025-06-06,79.22083333333333,290.48333333333335,513.5833333333334,24.916666666666668,22.041666666666668,131.41666666666666,Delhi,2025,6,6,225.0745614035088,Poor
2025-06-07,79.27916666666667,265.56666666666666,552.4166666666666,22.691666666666666,22.3625,140.41666666666666,Delhi,2025,6,7,225.13596491228068,Poor
2025-06-08,107.7375,558.7541666666667,607.3333333333334,23.179166666666664,20.641666666666666,132.375,Delhi,2025,6,8,254.97988445008104,Poor
2025-06-09,118.75833333333333,647.0,572.7916666666666,29.400000000000002,21.7625,117.58333333333333,Delhi,2025,6,9,266.63545409709013,Poor
2025-06-10,120.27916666666665,746.2291666666666,495.5833333333333,33.733333333333334,17.599999999999998,94.5,Delhi,2025,6,10,268.20513633481295,Poor
2025-06-11,100.40416666666665,491.0416666666667,500.0,27.204166666666666,20.783333333333335,125.0,Delhi,2025,6,11,247.37280701754386,Poor
2025-06-12,109.54583333333333,449.87916666666666,571.3333333333334,16.650000000000002,26.129166666666666,159.5,Delhi,2025,6,12,256.9956140350877,Poor
2025-06-13,106.45,544.9,547.2916666666666,16.116666666666667,23.8125,145.875,Delhi,2025,6,13,253.73684210526315,Poor
2025-06-14,90.375,371.6958333333334,579.875,20.504166666666666,26.733333333333334,153.625,Delhi,2025,6,14,236.81578947368425,Poor
2025-06-15,103.21249999999999,464.3416666666667,565.5,21.329166666666666,27.129166666666666,140.375,Delhi,2025,6,15,250.32894736842104,Poor
2025-06-16,84.35416666666667,272.7625,743.2083333333334,21.854166666666668,26.520833333333332,134.79166666666666,Delhi,2025,6,16,230.4780701754386,Poor
2025-06-17,57.541666666666664,104.95,769.0833333333334,32.09166666666667,29.575,121.16666666666667,Delhi,2025,6,17,174.40899122807016,Moderate
2025-06-18,51.06666666666666,65.39583333333333,810.5833333333334,30.325,31.1125,113.08333333333333,Delhi,2025,6,18,153.91333033438298,Moderate
2025-06-19,45.15833333333333,70.95,526.3333333333334,26.066666666666666,24.837500000000002,117.83333333333333,Delhi,2025,6,19,149.1745951417004,Moderate
2025-06-20,41.6875,83.55833333333334,518.4583333333334,26.025000000000002,22.366666666666664,95.66666666666667,Delhi,2025,6,20,137.0349096566202,Moderate
2025-06-21,58.862500000000004,111.8125,731.3333333333334,31.833333333333332,28.2375,117.83333333333333,Delhi,2025,6,21,184.31907894736844,Moderate
2025-06-22,55.225,88.21249999999999,616.375,33.925000000000004,29.583333333333332,125.875,Delhi,2025,6,22,187.10197368421052,Moderate
2025-06-23,64.09583333333333,139.31666666666666,595.0833333333334,27.53333333333333,27.125,127.04166666666667,Delhi,2025,6,23,208.10087719298247,Poor
2025-06-24,62.604166666666664,124.48750000000001,591.1666666666666,26.77916666666667,31.037499999999998,144.20833333333334,Delhi,2025,6,24,204.5405701754386,Poor
2025-06-25,45.375,73.27916666666667,656.5416666666666,27.058333333333334,22.150000000000002,106.29166666666667,Delhi,2025,6,25,148.98580184435448,Moderate
2025-06-26,42.050000000000004,86.50416666666666,584.0,21.541666666666668,20.4375,103.75,Delhi,2025,6,26,134.58618233618233,Moderate
2025-06-27,37.88333333333333,92.09583333333335,516.5416666666666,22.354166666666668,20.154166666666665,105.75,Delhi,2025,6,27,119.8491809116809,Moderate
2025-06-28,42.68333333333334,63.94166666666666,582.25,25.695833333333336,25.787499999999998,124.79166666666667,Delhi,2025,6,28,134.29091692907483,Moderate
2025-06-29,51.34583333333333,84.11666666666666,606.7083333333334,41.233333333333334,35.50416666666667,77.83333333333333,Delhi,2025,6,29,170.56798245614036,Moderate
2025-06-30,42.475,73.75416666666666,720.4583333333334,31.054166666666664,24.208333333333332,79.29166666666667,Delhi,2025,6,30,134.95478145149198,Moderate
2025-07-01,43.291666666666664,59.487500000000004,665.125,35.86666666666667,28.900000000000002,98.04166666666667,Delhi,2025,7,1,138.7809922777028,Moderate
2025-07-02,41.13333333333333,56.637499999999996,658.0833333333334,32.4125,23.358333333333334,101.58333333333333,Delhi,2025,7,2,133.1464237516869,Moderate
2025-07-03,37.141666666666666,61.12083333333334,547.25,25.045833333333334,19.791666666666668,95.16666666666667,Delhi,2025,7,3,117.3763870145449,Moderate
2025-07-04,45.22083333333333,62.34583333333333,548.4166666666666,30.229166666666668,31.712500000000002,114.625,Delhi,2025,7,4,137.27227657819762,Moderate
2025-07-05,68.125,77.96249999999999,567.1666666666666,38.90833333333333,41.645833333333336,134.58333333333334,Delhi,2025,7,5,204.13486842105263,Poor
2025-07-06,76.50416666666668,100.66666666666667,544.0,35.75416666666667,41.045833333333334,153.83333333333334,Delhi,2025,7,6,221.17872807017545,Poor
2025-07-07,64.825,95.3125,849.0833333333334,35.25,37.108333333333334,125.58333333333333,Delhi,2025,7,7,193.3092105263158,Moderate
2025-07-08,70.45416666666667,174.3708333333333,845.8333333333334,46.07916666666667,28.058333333333334,77.41666666666667,Delhi,2025,7,8,205.40241228070178,Poor
2025-07-09,58.69583333333333,135.79166666666666,741.5416666666666,44.8375,33.02916666666667,94.20833333333333,Delhi,2025,7,9,187.07127192982455,Moderate
2025-07-10,52.79583333333333,61.5625,799.375,49.70416666666667,36.35,62.5,Delhi,2025,7,10,170.0548245614035,Moderate
2025-07-11,69.64999999999999,76.29583333333333,1122.1666666666667,59.85833333333333,39.72083333333333,72.41666666666667,Delhi,2025,7,11,203.76644736842104,Poor
2025-07-12,79.71666666666667,93.47083333333335,993.0,45.85833333333333,41.329166666666666,119.375,Delhi,2025,7,12,215.51425438596493,Poor
2025-07-13,71.0625,78.01666666666667,1122.0833333333333,50.291666666666664,28.616666666666664,72.70833333333333,Delhi,2025,7,13,168.85433072822102,Moderate
2025-07-14,30.054166666666664,34.67916666666667,564.9583333333334,16.408333333333335,13.9375,103.04166666666667,Delhi,2025,7,14,88.7562321937322,Satisfactory
2025-07-15,31.541666666666668,63.85,458.375,19.579166666666666,17.083333333333332,87.5,Delhi,2025,7,15,99.31944444444444,Satisfactory
2025-07-16,48.62916666666666,80.33749999999999,561.125,26.991666666666664,22.150000000000002,102.70833333333333,Delhi,2025,7,16,159.46902646573702,Moderate
2025-07-17,48.69583333333333,68.37916666666666,763.0,29.462500000000002,23.758333333333336,94.5,Delhi,2025,7,17,150.28512520617784,Moderate
2025-07-18,41.079166666666666,59.9375,636.1666666666666,17.120833333333334,15.6875,99.66666666666667,Delhi,2025,7,18,122.3173076923077,Moderate
2025-07-19,39.47083333333333,126.18333333333334,496.875,26.900000000000002,20.879166666666666,85.75,Delhi,2025,7,19,121.65364934772829,Moderate
2025-07-20,64.27499999999999,233.4,469.7916666666667,40.15,24.295833333333334,79.625,Delhi,2025,7,20,197.7467105263158,Moderate
2025-07-21,69.07083333333334,118.19583333333333,596.875,50.47083333333333,34.50833333333333,67.70833333333333,Delhi,2025,7,21,203.4857456140351,Poor
2025-07-22,80.48333333333333,88.05416666666667,894.9583333333334,53.112500000000004,36.270833333333336,81.41666666666667,Delhi,2025,7,22,203.67325306624608,Poor
2025-07-23,67.1375,189.0666666666667,436.625,32.07083333333333,21.1875,79.33333333333333,Delhi,2025,7,23,200.41447368421052,Poor
2025-07-24,74.57083333333334,269.48333333333335,502.375,32.012499999999996,19.720833333333335,84.75,Delhi,2025,7,24,214.06140350877195,Poor
2025-07-25,89.37916666666666,389.1666666666667,539.375,33.574999999999996,19.220833333333335,79.75,Delhi,2025,7,25,233.084672021419,Poor
2025-07-26,75.825,179.7125,890.5833333333334,47.387499999999996,37.0875,111.125,Delhi,2025,7,26,192.19693077302463,Moderate
2025-07-27,61.979166666666664,88.72500000000001,549.2916666666666,41.395833333333336,28.520833333333332,108.375,Delhi,2025,7,27,184.38571187584344,Moderate
2025-07-28,66.42083333333333,76.10833333333333,558.25,33.175000000000004,35.40416666666667,128.45833333333334,Delhi,2025,7,28,207.53837719298247,Poor
2025-07-29,51.512499999999996,58.487500000000004,662.5416666666666,33.204166666666666,27.96666666666667,87.95833333333333,Delhi,2025,7,29,153.45389113810168,Moderate
2025-07-30,44.24166666666667,44.84166666666667,645.25,29.458333333333332,20.979166666666668,88.29166666666667,Delhi,2025,7,30,135.3154239766082,Moderate
2025-07-31,42.170833333333334,43.06666666666666,598.375,25.97083333333333,20.825,87.875,Delhi,2025,7,31,135.54121682411156,Moderate
2025-08-01,51.76666666666667,74.80416666666666,723.8333333333334,34.762499999999996,24.1875,75.125,Delhi,2025,8,1,165.4968136152347,Moderate
2025-08-02,49.96666666666667,107.2625,549.0,32.62916666666667,18.474999999999998,63.333333333333336,Delhi,2025,8,2,162.18250487329436,Moderate
2025-08-03,70.55,175.79166666666666,629.0,43.26666666666667,20.5625,54.958333333333336,Delhi,2025,8,3,202.8059210526316,Poor
2025-08-04,87.38333333333333,267.4166666666667,670.9583333333334,52.73333333333333,32.050000000000004,77.25,Delhi,2025,8,4,233.66666666666666,Poor
2025-08-05,76.45416666666667,297.07916666666665,762.5833333333334,45.17083333333333,26.150000000000002,58.333333333333336,Delhi,2025,8,5,208.1655701754386,Poor
2025-08-06,58.35833333333333,245.07916666666665,699.9166666666666,30.75,17.879166666666666,69.58333333333333,Delhi,2025,8,6,172.4303400059979,Moderate
2025-08-07,112.5125,681.2791666666667,485.375,28.075,14.225,69.95833333333333,Delhi,2025,8,7,259.875748608469,Poor
2025-08-08,126.8875,736.7541666666666,873.9583333333334,32.80416666666667,16.6125,64.45833333333333,Delhi,2025,8,8,275.2036126963996,Poor
2025-08-09,92.14583333333333,336.1041666666667,1024.25,38.637499999999996,26.2625,68.95833333333333,Delhi,2025,8,9,238.6798245614035,Poor
2025-08-10,98.67916666666667,347.0416666666667,1397.375,49.666666666666664,29.71666666666667,74.20833333333333,Delhi,2025,8,10,243.44368702881704,Poor
2025-08-11,102.28750000000001,453.2083333333333,757.375,45.666666666666664,27.016666666666666,67.0,Delhi,2025,8,11,249.3552631578947,Poor
2025-08-12,79.55,301.8666666666667,599.5416666666666,42.074999999999996,25.829166666666666,65.75,Delhi,2025,8,12,211.21121090299118,Poor
2025-08-13,98.85416666666667,365.5625,698.0833333333334,53.42083333333333,29.40833333333333,58.708333333333336,Delhi,2025,8,13,245.07817674205594,Poor
2025-08-14,63.666666666666664,115.91250000000001,856.0416666666666,55.824999999999996,32.94166666666667,49.791666666666664,Delhi,2025,8,14,193.65241228070178,Moderate
2025-08-15,78.30833333333334,79.125,1092.625,45.34583333333333,38.78333333333333,103.79166666666667,Delhi,2025,8,15,223.077850877193,Poor
2025-08-16,81.3,82.57916666666667,1002.1666666666666,38.775,34.975,115.45833333333333,Delhi,2025,8,16,227.14802631578948,Poor
2025-08-17,53.237500000000004,55.35,726.3333333333334,27.520833333333332,23.420833333333334,95.41666666666667,Delhi,2025,8,17,166.47368421052633,Moderate
2025-08-18,47.02916666666667,69.7,578.7916666666666,27.400000000000002,19.216666666666665,81.83333333333333,Delhi,2025,8,18,152.66492352676565,Moderate
2025-08-19,48.09166666666667,155.21666666666667,616.25,24.05,19.454166666666666,101.70833333333333,Delhi,2025,8,19,163.15257159994002,Moderate
2025-08-20,40.3375,128.38750000000002,503.1666666666667,22.900000000000002,18.783333333333335,84.66666666666667,Delhi,2025,8,20,134.73922252211727,Moderate
2025-08-21,37.69583333333333,65.92083333333333,487.9583333333333,26.09166666666667,21.416666666666668,92.45833333333333,Delhi,2025,8,21,120.89384652871496,Moderate
2025-08-22,64.93333333333334,71.66666666666667,667.9166666666666,38.791666666666664,36.079166666666666,112.29166666666667,Delhi,2025,8,22,205.84100877192984,Poor
2025-08-23,43.26666666666667,43.8125,507.4583333333333,33.045833333333334,25.84166666666667,75.58333333333333,Delhi,2025,8,23,131.54220085470084,Moderate
2025-08-24,36.87916666666667,52.32083333333333,631.4166666666666,29.25,19.345833333333335,78.29166666666667,Delhi,2025,8,24,119.58052181736393,Moderate
2025-08-25,28.554166666666664,28.599999999999998,512.375,18.287499999999998,16.529166666666665,89.33333333333333,Delhi,2025,8,25,85.4437321937322,Satisfactory
2025-08-26,20.545833333333334,20.766666666666666,492.2083333333333,20.337500000000002,15.358333333333334,77.25,Delhi,2025,8,26,67.92521367521367,Satisfactory
2025-08-27,41.166666666666664,42.21666666666667,803.3333333333334,32.12083333333333,26.525000000000002,97.58333333333333,Delhi,2025,8,27,122.12035162693059,Moderate
2025-08-28,57.449999999999996,61.9,833.8333333333334,27.858333333333334,27.270833333333332,116.95833333333333,Delhi,2025,8,28,194.88815789473685,Moderate
2025-08-29,36.94583333333333,40.416666666666664,604.5833333333334,27.2,20.720833333333335,76.875,Delhi,2025,8,29,116.0687321937322,Moderate
2025-08-30,36.487500000000004,39.13333333333333,764.9583333333334,26.775000000000002,21.5,87.20833333333333,Delhi,2025,8,30,112.78385065227171,Moderate
2025-08-31,35.75416666666667,35.854166666666664,649.4583333333334,26.71666666666667,20.583333333333332,72.29166666666667,Delhi,2025,8,31,106.16114672364672,Moderate
2025-09-01,21.275000000000002,21.354166666666668,534.0416666666666,21.375,17.25,71.70833333333333,Delhi,2025,9,1,69.75747863247864,Satisfactory
2025-09-02,18.716666666666665,18.875,521.375,19.375,13.725,72.20833333333333,Delhi,2025,9,2,64.12348646723648,Satisfactory
2025-09-03,17.483333333333334,17.645833333333332,689.8333333333334,23.21666666666667,16.266666666666666,69.04166666666667,Delhi,2025,9,3,61.12446581196581,Satisfactory
2025-09-04,29.179166666666664,34.34583333333333,794.3333333333334,25.208333333333332,18.316666666666666,84.79166666666667,Delhi,2025,9,4,88.95049857549857,Satisfactory
2025-09-05,30.141666666666666,35.645833333333336,599.75,20.883333333333333,16.758333333333333,89.875,Delhi,2025,9,5,89.14601139601139,Satisfactory
2025-09-06,32.574999999999996,33.824999999999996,559.375,17.6125,17.829166666666666,102.375,Delhi,2025,9,6,102.8278133903134,Moderate
2025-09-07,38.85,39.420833333333334,743.2083333333334,27.3625,20.325,85.375,Delhi,2025,9,7,123.98697330934174,Moderate
2025-09-08,44.81666666666666,47.416666666666664,854.3333333333334,39.85,29.820833333333336,86.625,Delhi,2025,9,8,131.38620857699806,Moderate
2025-09-09,45.7125,74.46666666666667,841.1666666666666,38.15833333333333,22.8875,76.95833333333333,Delhi,2025,9,9,135.4719129554656,Moderate
2025-09-10,35.291666666666664,128.6625,418.5833333333333,16.075,13.7875,87.20833333333333,Delhi,2025,9,10,110.70851139601139,Moderate
2025-09-11,44.020833333333336,164.05416666666667,407.5416666666667,22.650000000000002,13.166666666666666,62.75,Delhi,2025,9,11,141.2261583445794,Moderate
2025-09-12,47.7125,127.96249999999999,479.25,34.99583333333333,19.308333333333334,56.75,Delhi,2025,9,12,147.01598815414604,Moderate
2025-09-13,52.67916666666667,96.33333333333333,516.0,46.06666666666666,27.05,61.791666666666664,Delhi,2025,9,13,149.62363172889488,Moderate
2025-09-14,55.42083333333333,81.25416666666666,500.8333333333333,53.541666666666664,31.604166666666668,63.333333333333336,Delhi,2025,9,14,159.12063277852752,Moderate
2025-09-15,46.175000000000004,74.4375,493.0,45.42916666666667,26.4375,66.95833333333333,Delhi,2025,9,15,135.3135308891888,Moderate
2025-09-16,45.50416666666666,67.19166666666666,495.7916666666667,38.87916666666667,28.0125,82.29166666666667,Delhi,2025,9,16,138.89443694706853,Moderate
2025-09-17,54.07916666666667,83.25416666666666,468.25,29.891666666666666,29.90416666666667,98.08333333333333,Delhi,2025,9,17,177.26305480581797,Moderate
2025-09-18,59.666666666666664,88.04166666666667,544.5416666666666,26.920833333333334,29.325,103.70833333333333,Delhi,2025,9,18,195.67543859649126,Moderate
2025-09-19,58.512499999999996,78.19166666666666,591.0416666666666,35.375,32.925000000000004,90.125,Delhi,2025,9,19,191.66447368421052,Moderate
2025-09-20,47.3375,105.82916666666667,594.0416666666666,29.962500000000002,21.570833333333336,82.83333333333333,Delhi,2025,9,20,151.52245464087568,Moderate
2025-09-21,40.96666666666667,118.25833333333333,485.875,22.620833333333334,17.0625,88.75,Delhi,2025,9,21,133.72685185185185,Moderate
2025-09-22,45.21666666666667,160.84166666666667,439.2916666666667,24.21666666666667,16.991666666666667,90.875,Delhi,2025,9,22,150.36707152496626,Moderate
2025-09-23,42.416666666666664,163.33333333333334,427.0,20.608333333333334,14.737499999999999,90.08333333333333,Delhi,2025,9,23,137.5877567851252,Moderate
2025-09-24,46.65416666666667,193.23333333333335,423.5416666666667,21.325,15.241666666666667,87.0,Delhi,2025,9,24,152.04930461838356,Moderate
2025-09-25,43.68333333333334,172.3791666666667,441.9583333333333,22.291666666666668,16.358333333333334,84.79166666666667,Delhi,2025,9,25,143.1728426300795,Moderate
2025-09-26,43.15833333333333,177.1875,508.0,21.633333333333336,17.808333333333334,92.08333333333333,Delhi,2025,9,26,133.12476570700255,Moderate
2025-09-27,59.09166666666667,161.39583333333334,640.1666666666666,30.375,27.150000000000002,114.58333333333333,Delhi,2025,9,27,190.11951754385964,Moderate
2025-09-28,35.979166666666664,74.53750000000001,577.1666666666666,26.129166666666666,22.870833333333334,93.08333333333333,Delhi,2025,9,28,113.62180424351477,Moderate
2025-09-29,34.920833333333334,56.85,466.2083333333333,23.545833333333334,25.183333333333334,97.08333333333333,Delhi,2025,9,29,111.36709964012596,Moderate
2025-09-30,43.5625,67.15416666666667,656.75,30.704166666666666,33.670833333333334,95.375,Delhi,2025,9,30,141.34935897435898,Moderate
2025-10-01,48.87916666666666,71.28750000000001,687.3333333333334,32.5625,36.4125,97.83333333333333,Delhi,2025,10,1,150.61743702204228,Moderate
2025-10-02,47.84583333333333,62.25833333333333,683.5,28.46666666666667,35.483333333333334,115.41666666666667,Delhi,2025,10,2,153.32651072124756,Moderate
2025-10-03,36.016666666666666,48.666666666666664,613.0833333333334,27.412499999999998,26.087500000000002,98.66666666666667,Delhi,2025,10,3,109.28635290148448,Moderate
2025-10-04,65.10416666666667,206.75,780.7916666666666,32.99166666666667,22.670833333333334,90.58333333333333,Delhi,2025,10,4,206.51425438596493,Poor
2025-10-05,64.45,203.02083333333334,648.2083333333334,32.608333333333334,23.675,94.875,Delhi,2025,10,5,197.86513157894737,Moderate
2025-10-06,52.39166666666667,122.63333333333333,719.1666666666666,35.858333333333334,31.895833333333332,81.75,Delhi,2025,10,6,159.85895561553457,Moderate
2025-10-07,26.441666666666666,36.4625,589.4166666666666,27.2625,23.912499999999998,75.79166666666667,Delhi,2025,10,7,85.72578347578349,Satisfactory
2025-10-08,42.083333333333336,56.00416666666666,728.0,32.5,30.974999999999998,68.66666666666667,Delhi,2025,10,8,135.2061965811966,Moderate
2025-10-09,42.59166666666666,129.6875,665.4583333333334,24.962500000000002,20.720833333333335,90.79166666666667,Delhi,2025,10,9,130.43205503073924,Moderate
2025-10-10,49.79583333333333,148.17916666666667,831.125,29.1375,23.170833333333334,100.83333333333333,Delhi,2025,10,10,162.0009559154296,Moderate
2025-10-11,49.47083333333333,148.9125,937.5833333333334,31.620833333333334,24.099999999999998,93.66666666666667,Delhi,2025,10,11,162.25710376368272,Moderate
2025-10-12,62.69583333333333,273.84166666666664,631.8333333333334,23.09166666666667,20.895833333333332,102.875,Delhi,2025,10,12,189.64922589593644,Moderate
2025-10-13,59.03333333333333,151.875,715.1666666666666,33.583333333333336,26.45,102.41666666666667,Delhi,2025,10,13,176.8970985155196,Moderate
2025-10-14,62.699999999999996,159.95833333333334,884.2083333333334,45.708333333333336,30.883333333333336,95.41666666666667,Delhi,2025,10,14,186.86184210526315,Moderate
2025-10-15,67.64583333333333,145.11666666666667,1149.7916666666667,57.1875,37.40416666666667,89.54166666666667,Delhi,2025,10,15,187.62639638626482,Moderate
2025-10-16,59.770833333333336,149.85416666666666,887.4583333333334,43.9625,30.958333333333332,101.45833333333333,Delhi,2025,10,16,190.85087719298247,Moderate
2025-10-17,62.800000000000004,177.7458333333333,1024.2083333333333,37.85,27.9375,104.875,Delhi,2025,10,17,195.58552631578948,Moderate
2025-10-18,77.64999999999999,230.5375,1036.2083333333333,50.62916666666666,35.92916666666667,95.75,Delhi,2025,10,18,218.88157894736844,Poor
2025-10-19,95.53333333333335,207.77916666666667,1091.7916666666667,70.60000000000001,55.225,85.20833333333333,Delhi,2025,10,19,242.2456140350877,Poor
2025-10-20,85.05833333333334,181.7541666666667,1528.4166666666667,59.57083333333333,45.229166666666664,87.16666666666667,Delhi,2025,10,20,224.19627192982458,Poor
2025-10-21,89.35416666666667,114.87916666666666,1102.8333333333333,47.541666666666664,36.13333333333333,94.0,Delhi,2025,10,21,235.74122807017545,Poor
2025-10-22,108.50833333333333,173.25,1113.25,52.166666666666664,38.262499999999996,87.66666666666667,Delhi,2025,10,22,255.8374726978088,Poor
2025-10-23,62.229166666666664,171.63333333333333,753.4583333333334,29.429166666666664,23.479166666666668,95.29166666666667,Delhi,2025,10,23,192.43530701754386,Moderate
2025-10-24,77.72083333333333,148.35833333333332,1019.4583333333334,49.012499999999996,32.32083333333333,82.25,Delhi,2025,10,24,217.60745614035088,Poor
2025-10-25,100.0625,146.79999999999998,1174.2916666666667,65.95,41.9,77.5,Delhi,2025,10,25,244.49387462129218,Poor
2025-10-26,100.73333333333333,133.97916666666666,1369.9166666666667,67.54166666666667,42.65833333333333,79.41666666666667,Delhi,2025,10,26,241.83114035087718,Poor
2025-10-27,88.57916666666667,154.15833333333333,1143.2083333333333,55.34583333333333,40.25416666666667,82.95833333333333,Delhi,2025,10,27,234.92543859649126,Poor
2025-10-28,76.12916666666666,109.53750000000001,1138.6666666666667,42.175000000000004,36.516666666666666,68.04166666666667,Delhi,2025,10,28,214.0076754385965,Poor
2025-10-29,93.97500000000001,164.6,940.7083333333334,49.625,39.2125,72.70833333333333,Delhi,2025,10,29,240.6052631578947,Poor
2025-10-30,103.37916666666666,161.0875,1216.625,58.82083333333333,51.78333333333333,74.125,Delhi,2025,10,30,250.44381913619392,Poor
2025-10-31,101.43333333333334,126.71666666666665,1082.125,63.662499999999994,50.3125,70.04166666666667,Delhi,2025,10,31,246.87763334037905,Poor
2025-11-01,96.80416666666667,197.41666666666666,786.3333333333334,36.19583333333333,23.579166666666666,89.125,Delhi,2025,11,1,243.58333333333334,Poor
2025-11-02,90.23333333333333,213.40416666666667,761.4583333333334,24.162499999999998,19.754166666666666,98.16666666666667,Delhi,2025,11,2,236.66666666666666,Poor
2025-11-03,79.07083333333334,183.95833333333334,849.125,34.208333333333336,24.34583333333333,79.375,Delhi,2025,11,3,221.6107456140351,Poor
2025-11-04,81.00833333333334,172.15,1224.0,50.27916666666667,34.512499999999996,70.16666666666667,Delhi,2025,11,4,213.09448568001199,Poor
2025-11-05,79.90833333333333,163.4625,1058.1666666666667,31.745833333333334,30.099999999999998,82.625,Delhi,2025,11,5,213.59429824561403,Poor
2025-11-06,60.13333333333333,199.125,534.6666666666666,21.554166666666664,19.070833333333333,89.25,Delhi,2025,11,6,184.68235492577597,Moderate
2025-11-07,51.300000000000004,156.20000000000002,635.5416666666666,23.116666666666664,20.658333333333335,92.70833333333333,Delhi,2025,11,7,175.38294721847353,Moderate
2025-11-08,53.175000000000004,118.36666666666667,717.3333333333334,26.045833333333334,21.65833333333333,87.91666666666667,Delhi,2025,11,8,169.3190789473684,Moderate
2025-11-09,65.22500000000001,123.19166666666666,777.9166666666666,27.349999999999998,22.5625,97.79166666666667,Delhi,2025,11,9,191.8197068526016,Moderate
2025-11-10,84.15833333333333,117.97083333333335,993.9583333333334,38.55833333333333,28.6875,93.75,Delhi,2025,11,10,220.7982456140351,Poor
2025-11-11,90.37083333333334,136.47083333333333,936.7916666666666,31.1875,24.400000000000002,97.16666666666667,Delhi,2025,11,11,235.38048245614036,Poor
2025-11-12,99.87083333333334,136.62083333333334,853.4166666666666,28.058333333333334,25.7625,96.79166666666667,Delhi,2025,11,12,246.81140350877195,Poor
2025-11-13,108.63333333333333,132.47916666666666,1005.375,31.558333333333334,29.125,101.45833333333333,Delhi,2025,11,13,256.03508771929825,Poor
2025-11-14,87.07083333333333,97.175,930.0,35.875,27.770833333333332,89.70833333333333,Delhi,2025,11,14,225.0482456140351,Poor
2025-11-15,86.19583333333333,90.02083333333333,907.625,33.99583333333333,30.125,85.29166666666667,Delhi,2025,11,15,230.27850877192984,Poor
2025-11-16,67.64999999999999,69.2,873.1666666666666,30.895833333333332,27.891666666666666,78.29166666666667,Delhi,2025,11,16,200.67434210526315,Poor
2025-11-17,105.34583333333335,107.0625,1283.8333333333333,50.354166666666664,41.88333333333333,70.58333333333333,Delhi,2025,11,17,252.18665010920878,Poor
2025-11-18,146.94166666666666,148.78333333333333,1942.0416666666667,68.15416666666667,52.979166666666664,74.83333333333333,Delhi,2025,11,18,295.43879024871416,Poor
2025-11-19,138.78333333333333,139.92916666666665,1524.8333333333333,74.83333333333333,58.387499999999996,77.16666666666667,Delhi,2025,11,19,287.2296642711196,Poor
2025-11-20,176.57916666666665,178.07500000000002,2100.4166666666665,94.22083333333335,80.53333333333333,92.08333333333333,Delhi,2025,11,20,325.8210385401254,Very Poor
2025-11-21,178.19583333333333,180.9958333333333,1783.3333333333333,91.12916666666666,62.175000000000004,75.91666666666667,Delhi,2025,11,21,327.2598640174734,Very Poor
2025-11-22,183.08333333333334,186.6875,1651.875,71.20833333333333,58.99166666666667,84.875,Delhi,2025,11,22,332.3102057352216,Very Poor
2025-11-23,173.6625,176.11249999999998,1467.2083333333333,58.62916666666666,52.0625,82.29166666666667,Delhi,2025,11,23,322.9240558726132,Very Poor
2025-11-24,133.38333333333333,135.24583333333334,1473.7083333333333,49.762499999999996,46.225,95.0,Delhi,2025,11,24,281.5292485732403,Poor
2025-11-25,93.375,94.08333333333333,1249.4166666666667,42.22083333333334,37.78333333333333,94.66666666666667,Delhi,2025,11,25,235.66447368421052,Poor
2025-11-26,106.86666666666667,107.85000000000001,1358.0416666666667,50.666666666666664,50.229166666666664,90.91666666666667,Delhi,2025,11,26,253.9858380891989,Poor
2025-11-27,136.42499999999998,137.76666666666668,1949.0833333333333,77.05833333333334,66.52499999999999,73.29166666666667,Delhi,2025,11,27,280.2929965475939,Poor
2025-11-28,81.87916666666666,83.1125,1292.0,39.583333333333336,38.666666666666664,91.08333333333333,Delhi,2025,11,28,217.36293859649126,Poor
2025-11-29,55.3375,56.27916666666667,1025.4166666666667,29.141666666666666,27.620833333333334,78.875,Delhi,2025,11,29,182.86184210526315,Moderate
2025-11-30,57.92916666666667,58.4625,903.5416666666666,29.03333333333333,30.291666666666668,90.04166666666667,Delhi,2025,11,30,184.34373594242015,Moderate
2025-12-01,98.53333333333335,99.05833333333334,1433.75,52.00833333333333,50.98333333333333,81.875,Delhi,2025,12,1,238.9395652786585,Poor
2025-12-02,111.52499999999999,112.22500000000001,1454.9166666666667,56.44583333333333,52.895833333333336,75.70833333333333,Delhi,2025,12,2,258.984552244064,Poor
2025-12-03,90.80833333333334,91.32083333333333,1075.9166666666667,27.712500000000002,33.079166666666666,102.83333333333333,Delhi,2025,12,3,237.27192982456143,Poor
2025-12-04,90.79583333333333,91.24166666666667,1052.1666666666667,30.09583333333333,36.28333333333333,99.58333333333333,Delhi,2025,12,4,235.40021929824562,Poor
2025-12-05,93.5,94.02499999999999,1116.75,33.775,42.90416666666667,104.91666666666667,Delhi,2025,12,5,240.10526315789477,Poor
2025-12-06,75.41250000000001,76.1125,899.8333333333334,22.2375,32.608333333333334,108.25,Delhi,2025,12,6,220.6217105263158,Poor
2025-12-07,73.84166666666667,74.64999999999999,1101.5416666666667,22.270833333333332,32.895833333333336,96.41666666666667,Delhi,2025,12,7,219.41228070175438,Poor
2025-12-08,64.1125,65.69166666666666,923.3333333333334,20.483333333333334,33.15833333333333,109.54166666666667,Delhi,2025,12,8,207.5592105263158,Poor
2025-12-09,53.72083333333333,54.61666666666667,956.0833333333334,21.791666666666668,29.266666666666666,96.91666666666667,Delhi,2025,12,9,175.54065452091768,Moderate
2025-12-10,64.1875,64.95416666666667,1221.0416666666667,30.1125,34.78333333333333,85.54166666666667,Delhi,2025,12,10,197.3092105263158,Moderate
2025-12-11,97.72500000000001,98.37083333333334,1250.0416666666667,40.2875,45.61666666666667,80.66666666666667,Delhi,2025,12,11,241.21381578947367,Poor
2025-12-12,161.11249999999998,163.09583333333333,1621.9166666666667,69.68333333333334,76.97916666666667,97.79166666666667,Delhi,2025,12,12,309.5528957937011,Very Poor
2025-12-13,212.28333333333333,215.01666666666665,2170.125,77.77499999999999,83.33333333333333,108.66666666666667,Delhi,2025,12,13,361.8444215458324,Very Poor
2025-12-14,230.84583333333333,234.49166666666667,2297.6666666666665,80.12083333333334,94.82916666666667,102.58333333333333,Delhi,2025,12,14,380.7132036919608,Very Poor
2025-12-15,155.0,158.48749999999998,1836.875,50.7125,56.43333333333334,93.0,Delhi,2025,12,15,303.0082875361093,Very Poor
2025-12-16,84.64583333333333,86.58333333333333,1093.8333333333333,20.212500000000002,41.5875,121.95833333333333,Delhi,2025,12,16,230.78508771929828,Poor
2025-12-17,88.53750000000001,92.28750000000001,1238.6666666666667,23.554166666666664,31.791666666666668,99.91666666666667,Delhi,2025,12,17,234.8815789473684,Poor
2025-12-18,134.07500000000002,145.06666666666666,1386.2916666666667,43.699999999999996,44.987500000000004,87.125,Delhi,2025,12,18,282.24232896498273,Poor
2025-12-19,121.94583333333333,124.8125,1514.6666666666667,36.80833333333333,45.112500000000004,85.75,Delhi,2025,12,19,269.90482984569854,Poor
2025-12-20,148.30833333333334,149.77083333333334,1634.75,61.550000000000004,67.55,88.16666666666667,Delhi,2025,12,20,296.8453815261044,Poor
2025-12-21,205.01250000000002,207.6291666666667,1760.7916666666667,59.449999999999996,66.75416666666666,92.54166666666667,Delhi,2025,12,21,354.80083491862183,Very Poor
2025-12-22,219.5583333333333,222.60833333333335,1923.4166666666667,72.325,86.09583333333335,101.91666666666667,Delhi,2025,12,22,369.41258014514193,Very Poor
2025-12-23,131.42083333333332,134.10416666666666,1416.75,35.483333333333334,44.15,92.20833333333333,Delhi,2025,12,23,279.27831501444376,Poor
2025-12-24,57.645833333333336,60.050000000000004,784.2083333333334,26.65833333333333,29.34583333333333,73.83333333333333,Delhi,2025,12,24,177.86200142450141,Moderate
2025-12-25,92.32083333333333,94.82083333333333,1157.7916666666667,48.9125,43.949999999999996,59.458333333333336,Delhi,2025,12,25,231.56204202776016,Poor
2025-12-26,129.50416666666666,131.23333333333332,1897.2916666666667,59.270833333333336,57.62083333333334,57.708333333333336,Delhi,2025,12,26,275.91218822659056,Poor
2025-12-27,147.80833333333334,148.92083333333332,1745.0416666666667,52.675000000000004,60.44166666666666,72.875,Delhi,2025,12,27,295.95201860071865,Poor
2025-12-28,200.10833333333335,201.29999999999998,1770.75,65.91666666666667,69.16250000000001,65.625,Delhi,2025,12,28,349.23220953991404,Very Poor
2025-12-29,181.02916666666667,182.0875,1996.4583333333333,59.09166666666667,60.262499999999996,78.08333333333333,Delhi,2025,12,29,330.2607535404777,Very Poor
2025-12-30,147.83333333333334,149.17083333333332,1865.2083333333333,44.90833333333333,50.48333333333333,80.29166666666667,Delhi,2025,12,30,296.49710244486715,Poor
2025-12-31,169.3125,170.5,1766.0,56.18333333333334,63.50833333333333,81.95833333333333,Delhi,2025,12,31,318.4277548791658,Very Poor
2025-01-01,92.79166666666667,93.52916666666665,725.9583333333334,18.408333333333335,22.925,103.41666666666667,Kolkata,2025,1,1,239.359649122807,Poor
2025-01-02,98.80416666666667,100.54583333333333,816.5,19.716666666666665,25.337500000000002,106.79166666666667,Kolkata,2025,1,2,245.68859649122808,Poor
2025-01-03,137.27916666666667,139.58333333333334,844.125,22.875,28.558333333333334,107.95833333333333,Kolkata,2025,1,3,285.899131614176,Poor
2025-01-04,148.72083333333333,152.5,865.8333333333334,30.116666666666664,28.195833333333336,100.375,Kolkata,2025,1,4,297.3213203691961,Poor
2025-01-05,134.70833333333334,141.04583333333332,914.5833333333334,41.050000000000004,27.90833333333333,92.20833333333333,Kolkata,2025,1,5,282.8794211935461,Poor
2025-01-06,165.01666666666668,170.375,1357.6666666666667,50.30416666666667,42.925000000000004,96.58333333333333,Kolkata,2025,1,6,313.450257169027,Very Poor
2025-01-07,127.1875,130.44166666666666,942.6666666666666,26.508333333333336,34.99583333333333,106.625,Kolkata,2025,1,7,275.22041675473827,Poor
2025-01-08,99.62916666666666,100.84166666666665,804.75,19.916666666666668,24.3625,108.375,Kolkata,2025,1,8,246.55701754385964,Poor
2025-01-09,113.74166666666667,114.5625,791.4583333333334,23.3875,25.691666666666666,102.58333333333333,Kolkata,2025,1,9,261.2595469597689,Poor
2025-01-10,142.34166666666667,144.23749999999998,818.125,32.05416666666667,34.65833333333333,103.16666666666667,Kolkata,2025,1,10,290.8120112027056,Poor
2025-01-11,142.44583333333333,144.4375,1046.9166666666667,36.145833333333336,30.441666666666666,106.20833333333333,Kolkata,2025,1,11,290.70045973367155,Poor
2025-01-12,139.62083333333334,142.375,1071.0,39.045833333333334,33.02916666666667,110.79166666666667,Kolkata,2025,1,12,287.9188068061721,Poor
2025-01-13,196.50833333333333,199.65833333333333,1178.125,41.74583333333333,52.05416666666667,124.08333333333333,Kolkata,2025,1,13,345.56447720707394,Very Poor
2025-01-14,163.11666666666665,165.05833333333334,925.4583333333334,38.49583333333333,37.74166666666667,95.58333333333333,Kolkata,2025,1,14,311.43303917424083,Very Poor
2025-01-15,116.04166666666667,117.78750000000001,732.625,22.320833333333336,24.816666666666666,95.125,Kolkata,2025,1,15,263.70024836186855,Poor
2025-01-16,100.08333333333333,101.22083333333335,720.1666666666666,25.3,23.28333333333333,101.33333333333333,Kolkata,2025,1,16,247.03508771929828,Poor
2025-01-17,99.47916666666667,100.2375,788.75,27.120833333333334,25.558333333333334,101.125,Kolkata,2025,1,17,246.38028429507503,Poor
2025-01-18,119.62083333333334,120.46666666666665,947.125,30.995833333333334,33.166666666666664,104.0,Kolkata,2025,1,18,267.28386352427253,Poor
2025-01-19,115.25416666666666,116.46249999999999,887.0833333333334,33.395833333333336,36.42916666666667,94.70833333333333,Kolkata,2025,1,19,257.9745473120552,Poor
2025-01-20,130.20416666666668,131.46666666666667,989.5,43.012499999999996,45.21666666666667,90.125,Kolkata,2025,1,20,278.0269851335165,Poor
2025-01-21,166.47083333333333,167.08333333333334,1044.25,42.68333333333334,51.637499999999996,97.08333333333333,Kolkata,2025,1,21,315.02147185232155,Very Poor
2025-01-22,182.79583333333335,185.54583333333335,1241.5,51.05833333333334,51.30416666666667,98.45833333333333,Kolkata,2025,1,22,331.6389065032058,Very Poor
2025-01-23,204.125,209.025,1545.8333333333333,43.44583333333333,46.82916666666667,117.375,Kolkata,2025,1,23,353.48114387374056,Very Poor
2025-01-24,242.11249999999998,246.50833333333333,959.4166666666666,31.354166666666668,46.104166666666664,129.29166666666666,Kolkata,2025,1,24,392.08082329317267,Very Poor
2025-01-25,230.34583333333333,234.48333333333335,845.75,31.245833333333334,37.74166666666667,112.25,Kolkata,2025,1,25,380.2423906150919,Very Poor
2025-01-26,121.79583333333333,123.92083333333333,756.7916666666666,26.954166666666666,27.395833333333332,99.875,Kolkata,2025,1,26,261.8836882618192,Poor
2025-01-27,130.26250000000002,131.98749999999998,992.9166666666666,41.40416666666667,45.0875,96.70833333333333,Kolkata,2025,1,27,278.1274483900514,Poor
2025-01-28,146.6875,148.125,894.125,32.520833333333336,49.42916666666667,115.58333333333333,Kolkata,2025,1,28,295.3120288170225,Poor
2025-01-29,115.09166666666665,116.67916666666667,785.2083333333334,17.404166666666665,25.662499999999998,101.58333333333333,Kolkata,2025,1,29,262.8333333333333,Poor
2025-01-30,71.73333333333333,72.97083333333333,475.5833333333333,7.316666666666666,12.266666666666666,107.70833333333333,Kolkata,2025,1,30,215.26864035087718,Poor
2025-01-31,53.958333333333336,55.229166666666664,490.25,8.762500000000001,13.491666666666667,101.41666666666667,Kolkata,2025,1,31,177.28179824561403,Moderate
2025-02-01,70.67083333333333,72.40833333333333,683.8333333333334,17.116666666666667,16.658333333333335,81.70833333333333,Kolkata,2025,2,1,194.13377192982458,Moderate
2025-02-02,108.56666666666666,109.73333333333333,809.0,19.945833333333333,24.34166666666667,89.45833333333333,Kolkata,2025,2,2,255.69691925597127,Poor
2025-02-03,126.17083333333333,130.4125,884.5416666666666,31.5625,29.770833333333332,102.04166666666667,Kolkata,2025,2,3,274.30034171774815,Poor
2025-02-04,117.82916666666667,122.93333333333334,751.375,32.59166666666667,32.354166666666664,111.5,Kolkata,2025,2,4,265.471429577961,Poor
2025-02-05,141.9,145.34166666666667,891.9166666666666,27.375,40.9375,114.5,Kolkata,2025,2,5,290.37160924399353,Poor
2025-02-06,96.4875,98.29166666666667,763.125,26.55,29.25,97.125,Kolkata,2025,2,6,243.2151588811386,Poor
2025-02-07,79.02499999999999,82.625,621.5833333333334,33.637499999999996,32.208333333333336,95.79166666666667,Kolkata,2025,2,7,196.35183243093832,Moderate
2025-02-08,81.70416666666667,87.09166666666665,812.3333333333334,26.150000000000002,27.575,109.375,Kolkata,2025,2,8,208.57675438596493,Poor
2025-02-09,103.82083333333333,109.07083333333333,844.1666666666666,28.170833333333334,38.62083333333333,115.16666666666667,Kolkata,2025,2,9,248.5555027126048,Poor
2025-02-10,94.71249999999999,98.14583333333333,677.8333333333334,14.008333333333333,26.662499999999998,123.66666666666667,Kolkata,2025,2,10,240.8201754385965,Poor
2025-02-11,52.262499999999996,53.6625,518.3333333333334,9.958333333333334,19.587500000000002,111.25,Kolkata,2025,2,11,165.44736842105263,Moderate
2025-02-12,55.541666666666664,59.074999999999996,545.875,13.458333333333334,18.554166666666667,104.54166666666667,Kolkata,2025,2,12,157.86666854101065,Moderate
2025-02-13,81.84583333333333,88.5,644.1666666666666,19.275000000000002,29.724999999999998,100.29166666666667,Kolkata,2025,2,13,218.3662985274431,Poor
2025-02-14,61.49166666666667,64.30416666666666,576.2083333333334,21.008333333333333,29.495833333333334,105.58333333333333,Kolkata,2025,2,14,170.28267918728446,Moderate
2025-02-15,67.62916666666666,69.25833333333334,662.5833333333334,19.858333333333334,31.575,121.20833333333333,Kolkata,2025,2,15,196.7285575048733,Moderate
2025-02-16,54.887499999999996,56.82083333333333,584.0,10.012500000000001,18.820833333333333,112.875,Kolkata,2025,2,16,177.30198493027441,Moderate
2025-02-17,41.30416666666667,44.00416666666666,418.375,6.45,10.604166666666666,103.41666666666667,Kolkata,2025,2,17,132.49168728445045,Moderate
2025-02-18,48.90416666666667,54.75833333333333,599.4166666666666,11.829166666666666,16.825,89.625,Kolkata,2025,2,18,146.70390988154148,Moderate
2025-02-19,49.637499999999996,53.775,747.0416666666666,12.408333333333333,15.725,87.58333333333333,Kolkata,2025,2,19,156.1656357774779,Moderate
2025-02-20,74.17083333333333,79.7375,599.1666666666666,18.779166666666665,23.166666666666668,95.125,Kolkata,2025,2,20,196.9290185934923,Moderate
2025-02-21,65.22083333333333,70.51666666666667,803.8333333333334,16.729166666666668,21.016666666666666,89.0,Kolkata,2025,2,21,190.25826585695006,Moderate
2025-02-22,50.00416666666666,54.31666666666666,672.2916666666666,14.608333333333334,13.804166666666667,73.66666666666667,Kolkata,2025,2,22,144.0406076623182,Moderate
2025-02-23,86.30833333333334,90.99583333333334,882.2916666666666,25.02916666666667,24.375,84.75,Kolkata,2025,2,23,222.9298245614035,Poor
2025-02-24,102.45,113.3,1152.875,23.65833333333333,25.52916666666667,116.08333333333333,Kolkata,2025,2,24,249.50828753610935,Poor
2025-02-25,107.95,121.72916666666667,1008.6666666666666,21.075,27.425,115.375,Kolkata,2025,2,25,255.3119407454379,Poor
2025-02-26,116.35000000000001,127.29166666666667,906.25,17.787499999999998,30.775000000000002,140.58333333333334,Kolkata,2025,2,26,264.1550588318185,Poor
2025-02-27,124.75416666666666,135.65833333333333,817.7916666666666,20.279166666666665,30.020833333333332,116.79166666666667,Kolkata,2025,2,27,272.86765482984566,Poor
2025-02-28,81.27916666666667,98.72500000000001,638.9583333333334,17.279166666666665,27.212500000000002,113.5,Kolkata,2025,2,28,225.3168859649123,Poor
2025-03-01,47.449999999999996,54.15416666666667,492.25,7.304166666666667,14.879166666666668,105.16666666666667,Kolkata,2025,3,1,154.36890838206628,Moderate
2025-03-02,63.11666666666667,72.41250000000001,582.4583333333334,10.766666666666666,27.620833333333334,129.66666666666666,Kolkata,2025,3,2,183.22079772079772,Moderate
2025-03-03,68.97916666666667,82.87083333333334,553.5,20.154166666666665,22.179166666666664,110.91666666666667,Kolkata,2025,3,3,204.21544646873596,Poor
2025-03-04,49.32083333333333,63.94166666666666,596.125,16.491666666666667,20.7,103.70833333333333,Kolkata,2025,3,4,159.96789248762934,Moderate
2025-03-05,57.19583333333333,97.05,631.7083333333334,15.483333333333333,25.870833333333334,120.45833333333333,Kolkata,2025,3,5,178.452850877193,Moderate
2025-03-06,63.03333333333333,138.26666666666668,558.7083333333334,17.508333333333333,21.9375,118.45833333333333,Kolkata,2025,3,6,198.577850877193,Moderate
2025-03-07,78.64166666666667,160.47083333333333,699.1666666666666,20.787499999999998,30.7625,126.16666666666667,Kolkata,2025,3,7,221.76754385964912,Poor
2025-03-08,51.6625,63.09166666666667,492.375,8.458333333333334,17.091666666666665,130.66666666666666,Kolkata,2025,3,8,172.34868421052633,Moderate
2025-03-09,58.44583333333333,68.41250000000001,509.7083333333333,8.487499999999999,15.020833333333334,116.125,Kolkata,2025,3,9,196.16666666666666,Moderate
2025-03-10,69.43333333333334,77.58749999999999,532.2083333333334,11.991666666666667,16.258333333333333,123.5,Kolkata,2025,3,10,211.41666666666666,Poor
2025-03-11,44.512499999999996,47.725,454.0,7.2625,14.091666666666667,111.79166666666667,Kolkata,2025,3,11,145.5625,Moderate
2025-03-12,37.25416666666667,41.43333333333333,469.625,7.779166666666666,16.5125,114.375,Kolkata,2025,3,12,117.66969373219375,Moderate
2025-03-13,31.650000000000002,35.125,407.8333333333333,6.55,13.875,115.29166666666667,Kolkata,2025,3,13,94.99358974358974,Satisfactory
2025-03-14,37.512499999999996,41.12916666666667,425.1666666666667,7.6625000000000005,16.254166666666666,120.20833333333333,Kolkata,2025,3,14,115.22635515069726,Moderate
2025-03-15,45.49166666666667,48.62916666666666,499.9583333333333,8.770833333333334,16.224999999999998,127.875,Kolkata,2025,3,15,141.81461800869695,Moderate
2025-03-16,27.3,29.924999999999997,417.1666666666667,7.875,12.054166666666667,92.95833333333333,Kolkata,2025,3,16,84.95904558404558,Satisfactory
2025-03-17,28.224999999999998,31.47083333333333,556.5833333333334,9.799999999999999,15.041666666666666,89.95833333333333,Kolkata,2025,3,17,91.21848290598291,Satisfactory
2025-03-18,43.550000000000004,57.05833333333334,467.125,14.700000000000001,19.866666666666667,120.83333333333333,Kolkata,2025,3,18,137.23840718248616,Moderate
2025-03-19,59.75416666666666,66.12083333333334,542.1666666666666,9.708333333333334,21.287499999999998,142.16666666666666,Kolkata,2025,3,19,188.3535106462738,Moderate
2025-03-20,45.55416666666667,50.30833333333334,403.25,14.987499999999999,18.583333333333332,85.29166666666667,Kolkata,2025,3,20,121.9064608636977,Moderate
2025-03-21,67.18333333333334,70.71249999999999,531.125,14.333333333333334,23.47083333333333,117.54166666666667,Kolkata,2025,3,21,191.48245614035088,Moderate
2025-03-22,59.75416666666666,61.34166666666667,514.1666666666666,22.454166666666666,20.0625,84.20833333333333,Kolkata,2025,3,22,175.94846491228068,Moderate
2025-03-23,82.88333333333334,86.80833333333334,632.3333333333334,31.320833333333336,28.71666666666667,113.5,Kolkata,2025,3,23,213.88048245614036,Poor
2025-03-24,91.72083333333335,107.32916666666667,755.5416666666666,24.954166666666666,28.545833333333334,142.41666666666666,Kolkata,2025,3,24,236.7272378989643,Poor
2025-03-25,79.75,90.6375,747.75,20.991666666666667,27.858333333333334,126.45833333333333,Kolkata,2025,3,25,221.9309210526316,Poor
2025-03-26,40.1,43.19583333333333,440.375,9.479166666666666,15.012500000000001,106.79166666666667,Kolkata,2025,3,26,118.51775940920679,Moderate
2025-03-27,42.78333333333333,55.050000000000004,486.125,11.899999999999999,16.370833333333334,114.0,Kolkata,2025,3,27,133.4270786474734,Moderate
2025-03-28,47.11666666666667,60.78333333333333,500.375,8.5,18.145833333333332,137.625,Kolkata,2025,3,28,159.32648260608786,Moderate
2025-03-29,54.775,89.68333333333334,552.4583333333334,13.716666666666667,21.020833333333332,134.875,Kolkata,2025,3,29,173.41491415504575,Moderate
2025-03-30,35.0375,40.416666666666664,398.6666666666667,7.5249999999999995,9.633333333333333,93.25,Kolkata,2025,3,30,104.6894586894587,Moderate
2025-03-31,35.27916666666667,42.19166666666667,349.2916666666667,5.670833333333333,8.079166666666667,96.58333333333333,Kolkata,2025,3,31,111.00391737891738,Moderate
2025-04-01,34.75,41.84583333333333,321.0,4.720833333333333,6.716666666666666,88.04166666666667,Kolkata,2025,4,1,103.34740028490029,Moderate
2025-04-02,24.716666666666665,28.8125,314.0416666666667,5.845833333333334,8.645833333333334,86.16666666666667,Kolkata,2025,4,2,77.17236467236468,Satisfactory
2025-04-03,28.02916666666667,32.93333333333333,377.0833333333333,8.445833333333333,11.6625,88.95833333333333,Kolkata,2025,4,3,85.90865384615385,Satisfactory
2025-04-04,52.987500000000004,60.51666666666667,566.3333333333334,13.35,24.25,117.33333333333333,Kolkata,2025,4,4,160.27807767281453,Moderate
2025-04-05,40.708333333333336,44.5375,444.9583333333333,9.354166666666666,16.941666666666666,116.95833333333333,Kolkata,2025,4,5,134.2480413105413,Moderate
2025-04-06,31.037499999999998,34.875,315.9583333333333,5.704166666666667,8.908333333333333,100.20833333333333,Kolkata,2025,4,6,91.38230056980058,Satisfactory
2025-04-07,25.670833333333334,31.045833333333334,309.5,6.458333333333333,6.6000000000000005,67.91666666666667,Kolkata,2025,4,7,79.21118233618235,Satisfactory
2025-04-08,19.504166666666666,23.983333333333334,329.875,6.108333333333333,6.2875000000000005,67.45833333333333,Kolkata,2025,4,8,65.50169159544159,Satisfactory
2025-04-09,12.887500000000001,15.029166666666667,301.375,6.7250000000000005,6.358333333333333,64.75,Kolkata,2025,4,9,51.35505698005698,Satisfactory
2025-04-10,13.841666666666667,15.775,262.625,5.8625,5.6625000000000005,68.875,Kolkata,2025,4,10,53.80831552706553,Satisfactory
2025-04-11,16.754166666666666,20.520833333333332,343.5,8.804166666666667,8.545833333333333,67.08333333333333,Kolkata,2025,4,11,60.15847578347579,Satisfactory
2025-04-12,18.995833333333334,25.775000000000002,407.875,7.470833333333334,9.116666666666667,72.375,Kolkata,2025,4,12,64.64396367521367,Satisfactory
2025-04-13,38.52916666666667,47.32916666666667,416.5833333333333,15.545833333333334,14.854166666666666,93.0,Kolkata,2025,4,13,122.17829697106013,Moderate
2025-04-14,46.27916666666667,58.54583333333333,448.2083333333333,19.566666666666666,17.0625,91.70833333333333,Kolkata,2025,4,14,144.49456440245913,Moderate
2025-04-15,59.275000000000006,74.575,437.3333333333333,14.975,14.9625,120.75,Kolkata,2025,4,15,189.95934547908234,Moderate
2025-04-16,32.6875,46.40416666666667,370.9583333333333,9.141666666666667,8.691666666666666,75.79166666666667,Kolkata,2025,4,16,95.75498575498575,Satisfactory
2025-04-17,26.712500000000002,36.05416666666667,369.2916666666667,7.058333333333334,6.7,71.625,Kolkata,2025,4,17,81.4369658119658,Satisfactory
2025-04-18,34.637499999999996,43.87083333333334,399.7916666666667,9.387500000000001,8.112499999999999,81.875,Kolkata,2025,4,18,110.5701192082771,Moderate
2025-04-19,33.891666666666666,43.37916666666666,429.2083333333333,8.775,9.5625,97.70833333333333,Kolkata,2025,4,19,103.66079059829059,Moderate
2025-04-20,33.32083333333333,42.949999999999996,366.1666666666667,7.291666666666667,7.6499999999999995,86.08333333333333,Kolkata,2025,4,20,104.82478632478633,Moderate
2025-04-21,39.020833333333336,47.333333333333336,299.7083333333333,4.454166666666667,5.891666666666667,94.58333333333333,Kolkata,2025,4,21,119.95334757834758,Moderate
2025-04-22,38.40416666666667,46.17916666666667,292.8333333333333,4.541666666666667,6.0249999999999995,92.45833333333333,Kolkata,2025,4,22,116.77457264957265,Moderate
2025-04-23,31.55,39.233333333333334,327.0,5.591666666666666,9.179166666666667,104.0,Kolkata,2025,4,23,94.17147435897436,Satisfactory
2025-04-24,22.791666666666668,27.84166666666667,289.6666666666667,5.054166666666666,7.204166666666667,84.875,Kolkata,2025,4,24,73.05911680911682,Satisfactory
2025-04-25,17.858333333333334,21.629166666666666,266.5,5.145833333333333,7.366666666666667,76.45833333333333,Kolkata,2025,4,25,62.077991452991455,Satisfactory
2025-04-26,15.833333333333334,20.17083333333333,258.0416666666667,4.508333333333334,5.479166666666667,65.125,Kolkata,2025,4,26,58.173967236467234,Satisfactory
2025-04-27,35.225,39.574999999999996,303.0416666666667,11.862499999999999,15.591666666666667,91.79166666666667,Kolkata,2025,4,27,118.2286137351927,Moderate
2025-04-28,53.291666666666664,57.39166666666666,425.3333333333333,12.820833333333333,21.270833333333332,140.79166666666666,Kolkata,2025,4,28,168.47627080521818,Moderate
2025-04-29,72.5,77.05416666666666,501.625,14.320833333333333,19.712500000000002,154.29166666666666,Kolkata,2025,4,29,212.76776878092667,Poor
2025-04-30,34.50833333333333,40.854166666666664,459.5833333333333,15.579166666666666,10.941666666666668,83.08333333333333,Kolkata,2025,4,30,109.5357905982906,Moderate
2025-05-01,36.762499999999996,42.67916666666667,436.125,17.8875,11.870833333333332,86.125,Kolkata,2025,5,1,119.01582883490778,Moderate
2025-05-02,46.5,53.71666666666667,748.5,20.775,16.29583333333333,86.91666666666667,Kolkata,2025,5,2,142.15055668016194,Moderate
2025-05-03,28.900000000000002,35.28333333333333,482.125,13.033333333333333,10.591666666666667,69.08333333333333,Kolkata,2025,5,3,89.51121794871796,Satisfactory
2025-05-04,41.391666666666666,49.17916666666667,454.875,12.583333333333334,16.599999999999998,120.875,Kolkata,2025,5,4,133.40616096866097,Moderate
2025-05-05,41.137499999999996,48.84166666666667,491.9583333333333,13.358333333333334,13.545833333333334,116.75,Kolkata,2025,5,5,130.77389788574,Moderate
2025-05-06,46.387499999999996,53.65833333333333,488.125,12.829166666666666,14.983333333333334,120.29166666666667,Kolkata,2025,5,6,140.58291160593794,Moderate
2025-05-07,45.12916666666666,53.17916666666667,438.75,13.254166666666668,13.404166666666667,105.41666666666667,Kolkata,2025,5,7,135.81888214125055,Moderate
2025-05-08,38.5375,49.75,377.75,9.679166666666667,14.375,126.125,Kolkata,2025,5,8,119.53323211875845,Moderate
2025-05-09,49.395833333333336,60.42083333333333,432.9166666666667,13.9125,20.491666666666667,133.16666666666666,Kolkata,2025,5,9,147.0863416554206,Moderate
2025-05-10,50.74166666666667,59.362500000000004,478.5,16.150000000000002,18.608333333333334,116.66666666666667,Kolkata,2025,5,10,150.06189083820664,Moderate
2025-05-11,51.52916666666667,57.145833333333336,384.25,13.6625,17.1375,119.375,Kolkata,2025,5,11,154.342002174239,Moderate
2025-05-12,43.47083333333333,49.23333333333333,352.0416666666667,8.833333333333334,15.558333333333332,126.0,Kolkata,2025,5,12,142.47279389713603,Moderate
2025-05-13,32.15416666666666,37.18333333333333,333.6666666666667,6.8500000000000005,8.629166666666666,92.41666666666667,Kolkata,2025,5,13,97.68144586894586,Satisfactory
2025-05-14,27.425,32.483333333333334,310.2083333333333,6.033333333333334,6.695833333333333,86.41666666666667,Kolkata,2025,5,14,83.47240028490029,Satisfactory
2025-05-15,25.1875,31.454166666666666,280.2916666666667,5.458333333333333,6.433333333333334,84.95833333333333,Kolkata,2025,5,15,78.2380698005698,Satisfactory
2025-05-16,24.46666666666667,31.849999999999998,322.5833333333333,5.666666666666667,5.75,72.04166666666667,Kolkata,2025,5,16,76.63817663817663,Satisfactory
2025-05-17,19.491666666666667,25.21666666666667,261.8333333333333,5.05,5.145833333333333,68.29166666666667,Kolkata,2025,5,17,66.00783475783476,Satisfactory
2025-05-18,17.095833333333335,20.883333333333333,275.8333333333333,9.029166666666667,6.895833333333333,57.458333333333336,Kolkata,2025,5,18,60.693999287749286,Satisfactory
2025-05-19,15.183333333333332,17.912499999999998,225.54166666666666,8.870833333333334,5.875,43.125,Kolkata,2025,5,19,54.13773148148149,Satisfactory
2025-05-20,12.887500000000001,15.533333333333333,269.5,6.8,5.3,52.958333333333336,Kolkata,2025,5,20,49.08831908831909,Good
2025-05-21,11.733333333333334,15.695833333333333,239.25,5.983333333333333,5.4375,56.166666666666664,Kolkata,2025,5,21,46.385327635327634,Good
2025-05-22,31.962500000000002,41.675000000000004,276.5416666666667,15.924999999999999,12.508333333333333,70.83333333333333,Kolkata,2025,5,22,104.89600202429149,Moderate
2025-05-23,29.879166666666666,38.704166666666666,344.8333333333333,16.079166666666666,9.700000000000001,61.791666666666664,Kolkata,2025,5,23,93.83440170940172,Satisfactory
2025-05-24,29.96666666666667,33.12916666666667,307.9583333333333,17.433333333333334,11.229166666666666,60.5,Kolkata,2025,5,24,97.63621794871796,Satisfactory
2025-05-25,28.441666666666666,30.325,486.2916666666667,16.808333333333334,10.025,57.833333333333336,Kolkata,2025,5,25,94.04822218473534,Satisfactory
2025-05-26,24.9875,26.266666666666666,366.9166666666667,15.770833333333334,7.4125000000000005,44.041666666666664,Kolkata,2025,5,26,80.99563746438747,Satisfactory
2025-05-27,20.091666666666665,20.841666666666665,419.9583333333333,13.366666666666667,6.175,58.333333333333336,Kolkata,2025,5,27,67.25836894586895,Satisfactory
2025-05-28,15.520833333333334,16.079166666666666,280.0833333333333,11.387500000000001,5.816666666666666,66.375,Kolkata,2025,5,28,55.831552706552706,Satisfactory
2025-05-29,19.0,19.39166666666667,393.1666666666667,13.841666666666667,9.125,65.625,Kolkata,2025,5,29,65.14841524216524,Satisfactory
2025-05-30,29.408333333333335,30.2375,496.625,14.633333333333333,21.425,100.16666666666667,Kolkata,2025,5,30,93.67423901634429,Satisfactory
2025-05-31,27.2,29.570833333333336,366.625,8.783333333333333,6.620833333333334,101.79166666666667,Kolkata,2025,5,31,82.47863247863248,Satisfactory
2025-06-01,54.71666666666667,65.10416666666667,552.7083333333334,13.008333333333333,13.691666666666668,99.5,Kolkata,2025,6,1,184.22359986504725,Moderate
2025-06-02,71.04583333333333,108.8,594.125,13.320833333333333,17.545833333333334,122.875,Kolkata,2025,6,2,216.32127192982458,Poor
2025-06-03,52.26666666666667,65.6375,565.625,13.879166666666668,15.495833333333335,116.33333333333333,Kolkata,2025,6,3,169.18078984855302,Moderate
2025-06-04,58.42083333333333,73.325,477.7916666666667,13.854166666666666,15.708333333333334,109.91666666666667,Kolkata,2025,6,4,174.41337719298247,Moderate
2025-06-05,83.39166666666667,99.64166666666667,576.0,19.104166666666668,17.929166666666667,108.625,Kolkata,2025,6,5,221.07675438596493,Poor
2025-06-06,67.92916666666666,78.63333333333334,675.7916666666666,14.854166666666666,15.483333333333334,124.125,Kolkata,2025,6,6,195.20154820812718,Moderate
2025-06-07,77.8125,88.48333333333333,630.75,17.054166666666667,20.425,136.125,Kolkata,2025,6,7,223.59210526315792,Poor
2025-06-08,77.37083333333334,91.7375,509.125,16.345833333333335,15.629166666666668,121.16666666666667,Kolkata,2025,6,8,223.0668287183823,Poor
2025-06-09,76.11666666666666,92.94166666666666,429.4166666666667,14.25,11.441666666666668,109.45833333333333,Kolkata,2025,6,9,221.80701754385964,Poor
2025-06-10,58.15833333333333,71.0,354.1666666666667,13.0625,7.875,81.91666666666667,Kolkata,2025,6,10,176.91666666666666,Moderate
2025-06-11,38.545833333333334,42.225,412.5416666666667,16.35,8.6625,63.75,Kolkata,2025,6,11,130.84266756635176,Moderate
2025-06-12,32.3375,34.4375,397.0,15.620833333333332,8.495833333333334,65.91666666666667,Kolkata,2025,6,12,110.79077635327634,Moderate
2025-06-13,32.266666666666666,34.358333333333334,298.375,14.204166666666666,8.450000000000001,63.625,Kolkata,2025,6,13,109.57845066726645,Moderate
2025-06-14,35.25416666666667,40.0875,330.375,11.629166666666668,8.241666666666665,78.04166666666667,Kolkata,2025,6,14,111.98891325536063,Moderate
2025-06-15,28.104166666666668,29.758333333333336,342.1666666666667,14.495833333333332,8.200000000000001,53.0,Kolkata,2025,6,15,88.14476495726495,Satisfactory
2025-06-16,31.8125,33.13333333333333,358.375,17.1875,9.304166666666667,60.916666666666664,Kolkata,2025,6,16,101.65365871944819,Moderate
2025-06-17,46.94166666666666,47.29583333333333,477.125,21.854166666666668,23.008333333333336,62.0,Kolkata,2025,6,17,156.84022154745838,Moderate
2025-06-18,18.55,19.3,339.7083333333333,9.054166666666667,11.845833333333333,82.08333333333333,Kolkata,2025,6,18,63.9957264957265,Satisfactory
2025-06-19,21.962500000000002,26.900000000000002,296.2083333333333,7.454166666666667,12.179166666666667,90.70833333333333,Kolkata,2025,6,19,71.28739316239317,Satisfactory
2025-06-20,23.8125,26.320833333333336,371.1666666666667,10.200000000000001,11.625,79.54166666666667,Kolkata,2025,6,20,78.88995726495726,Satisfactory
2025-06-21,43.1,52.37083333333334,399.4166666666667,11.108333333333334,15.141666666666666,96.41666666666667,Kolkata,2025,6,21,136.04379404708354,Moderate
2025-06-22,46.520833333333336,52.84583333333333,508.75,11.566666666666668,12.679166666666667,101.08333333333333,Kolkata,2025,6,22,155.60416666666666,Moderate
2025-06-23,21.037499999999998,23.733333333333334,351.25,9.362499999999999,7.191666666666666,77.125,Kolkata,2025,6,23,69.8619123931624,Satisfactory
2025-06-24,26.27916666666667,28.0125,351.625,12.049999999999999,8.391666666666667,80.04166666666667,Kolkata,2025,6,24,85.64102564102564,Satisfactory
2025-06-25,18.587500000000002,19.8625,295.3333333333333,10.0375,5.4750000000000005,73.0,Kolkata,2025,6,25,64.50756766381767,Satisfactory
2025-06-26,13.629166666666668,15.512500000000001,263.375,6.6000000000000005,4.916666666666667,77.54166666666667,Kolkata,2025,6,26,51.01985398860399,Satisfactory
2025-06-27,20.541666666666668,22.3125,371.2916666666667,9.737499999999999,8.424999999999999,69.54166666666667,Kolkata,2025,6,27,69.40562678062678,Satisfactory
2025-06-28,29.258333333333336,30.629166666666666,468.125,12.820833333333333,14.9,81.83333333333333,Kolkata,2025,6,28,96.4485117708802,Satisfactory
2025-06-29,41.699999999999996,42.25,426.3333333333333,16.266666666666666,14.804166666666667,92.08333333333333,Kolkata,2025,6,29,136.06046633678213,Moderate
2025-06-30,34.65416666666666,35.03333333333334,447.5,12.991666666666667,16.787499999999998,99.0,Kolkata,2025,6,30,103.85844017094017,Moderate
2025-07-01,20.320833333333333,21.545833333333334,337.5833333333333,7.9375,8.616666666666667,89.70833333333333,Kolkata,2025,7,1,67.77955840455841,Satisfactory
2025-07-02,19.345833333333335,20.708333333333332,503.7083333333333,11.720833333333333,7.1000000000000005,72.20833333333333,Kolkata,2025,7,2,65.38167735042735,Satisfactory
2025-07-03,19.695833333333333,20.466666666666665,451.75,10.791666666666666,10.125,80.75,Kolkata,2025,7,3,66.44408831908832,Satisfactory
2025-07-04,28.224999999999998,29.337500000000002,458.7916666666667,11.645833333333334,14.754166666666668,82.33333333333333,Kolkata,2025,7,4,84.82389601139602,Satisfactory
2025-07-05,31.504166666666666,32.300000000000004,469.5833333333333,14.633333333333333,18.05,71.16666666666667,Kolkata,2025,7,5,99.72845441595443,Satisfactory
2025-07-06,31.758333333333336,32.25833333333333,440.2083333333333,15.145833333333334,15.233333333333334,78.95833333333333,Kolkata,2025,7,6,101.22596153846155,Moderate
2025-07-07,27.458333333333332,27.641666666666666,418.5416666666667,14.549999999999999,15.708333333333334,79.25,Kolkata,2025,7,7,94.06997863247864,Satisfactory
2025-07-08,32.50416666666667,32.920833333333334,440.25,15.395833333333334,14.795833333333334,62.791666666666664,Kolkata,2025,7,8,102.7241809116809,Moderate
2025-07-09,25.27916666666667,26.945833333333336,415.75,9.508333333333333,10.641666666666667,86.45833333333333,Kolkata,2025,7,9,78.37428774928775,Satisfactory
2025-07-10,22.641666666666666,27.833333333333332,335.875,6.758333333333333,6.345833333333334,83.91666666666667,Kolkata,2025,7,10,72.738603988604,Satisfactory
2025-07-11,27.2,29.883333333333336,400.9583333333333,10.329166666666667,7.925,82.875,Kolkata,2025,7,11,83.93411680911682,Satisfactory
2025-07-12,35.541666666666664,37.199999999999996,512.6666666666666,11.591666666666667,10.766666666666666,83.125,Kolkata,2025,7,12,108.30787037037038,Moderate
2025-07-13,31.320833333333336,32.775,588.625,15.987499999999999,10.004166666666666,67.08333333333333,Kolkata,2025,7,13,101.51507909731595,Moderate
2025-07-14,22.266666666666666,22.695833333333336,485.0416666666667,13.9,9.025,63.375,Kolkata,2025,7,14,71.93732193732194,Satisfactory
2025-07-15,23.854166666666668,27.474999999999998,399.125,7.55,11.229166666666666,77.875,Kolkata,2025,7,15,75.32941595441595,Satisfactory
2025-07-16,21.670833333333334,29.245833333333334,318.125,6.179166666666667,5.8625,67.45833333333333,Kolkata,2025,7,16,70.66417378917379,Satisfactory
2025-07-17,22.041666666666668,31.454166666666666,329.0833333333333,7.575,6.7625,52.916666666666664,Kolkata,2025,7,17,71.4565527065527,Satisfactory
2025-07-18,22.72083333333333,27.59166666666667,397.25,9.325000000000001,7.766666666666667,48.75,Kolkata,2025,7,18,73.05092592592592,Satisfactory
2025-07-19,19.1875,21.59583333333333,340.625,8.054166666666667,7.9750000000000005,56.125,Kolkata,2025,7,19,65.35790598290599,Satisfactory
2025-07-20,15.954166666666666,18.154166666666665,445.6666666666667,9.316666666666666,7.954166666666667,44.291666666666664,Kolkata,2025,7,20,58.364494301994306,Satisfactory
2025-07-21,21.791666666666668,23.441666666666666,502.7916666666667,12.262500000000001,10.679166666666667,41.375,Kolkata,2025,7,21,72.07959401709401,Satisfactory
2025-07-22,18.712500000000002,21.033333333333335,452.4583333333333,10.933333333333332,9.045833333333333,35.125,Kolkata,2025,7,22,64.29220085470085,Satisfactory
2025-07-23,21.8125,23.204166666666666,381.0,12.341666666666667,10.708333333333334,61.708333333333336,Kolkata,2025,7,23,72.15990028490029,Satisfactory
2025-07-24,29.599999999999998,29.97083333333333,520.1666666666666,18.604166666666668,13.241666666666667,81.04166666666667,Kolkata,2025,7,24,96.5183920002999,Satisfactory
2025-07-25,26.9875,27.179166666666664,416.3333333333333,15.9375,13.0875,70.375,Kolkata,2025,7,25,93.0865431473984,Satisfactory
2025-07-26,10.458333333333334,11.862499999999999,305.0416666666667,6.320833333333333,6.1499999999999995,74.45833333333333,Kolkata,2025,7,26,40.10861823361824,Good
2025-07-27,19.820833333333333,20.575,357.0833333333333,9.233333333333333,10.079166666666667,80.16666666666667,Kolkata,2025,7,27,66.74697293447294,Satisfactory
2025-07-28,35.62916666666667,37.583333333333336,475.0416666666667,12.799999999999999,16.8625,69.41666666666667,Kolkata,2025,7,28,107.56428062678064,Moderate
2025-07-29,26.633333333333336,29.8625,434.25,11.65,13.799999999999999,60.833333333333336,Kolkata,2025,7,29,81.26780626780626,Satisfactory
2025-07-30,16.870833333333334,17.833333333333332,323.5833333333333,10.345833333333333,9.858333333333333,66.625,Kolkata,2025,7,30,60.40776353276353,Satisfactory
2025-07-31,25.570833333333336,26.791666666666668,514.0,9.0375,12.825000000000001,83.79166666666667,Kolkata,2025,7,31,79.10487891737891,Satisfactory
2025-08-01,42.170833333333334,50.5375,435.7083333333333,10.858333333333334,14.041666666666666,84.25,Kolkata,2025,8,1,133.54537786774628,Moderate
2025-08-02,37.44583333333333,48.175000000000004,432.9166666666667,9.262500000000001,13.366666666666667,86.70833333333333,Kolkata,2025,8,2,113.70085470085472,Moderate
2025-08-03,23.1875,34.829166666666666,301.5833333333333,5.425,6.408333333333334,74.29166666666667,Kolkata,2025,8,3,73.90491452991454,Satisfactory
2025-08-04,24.0125,33.145833333333336,373.4166666666667,8.541666666666666,7.595833333333334,60.583333333333336,Kolkata,2025,8,4,75.66773504273505,Satisfactory
2025-08-05,29.587500000000002,39.94583333333333,458.125,10.883333333333333,9.220833333333333,54.791666666666664,Kolkata,2025,8,5,95.4388870145449,Satisfactory
2025-08-06,46.38333333333333,56.1875,523.0,15.554166666666667,19.425,62.125,Kolkata,2025,8,6,153.27367296446246,Moderate
2025-08-07,37.1,41.94583333333333,491.2916666666667,11.200000000000001,13.9125,69.70833333333333,Kolkata,2025,8,7,114.8110754985755,Moderate
2025-08-08,26.40833333333333,30.504166666666666,407.0833333333333,8.299999999999999,8.0375,66.625,Kolkata,2025,8,8,81.18073361823362,Satisfactory
2025-08-09,9.512500000000001,10.783333333333333,305.2916666666667,5.841666666666666,5.695833333333333,50.5,Kolkata,2025,8,9,38.84036680911681,Good
2025-08-10,9.945833333333333,11.495833333333332,286.5416666666667,5.816666666666666,6.295833333333333,52.625,Kolkata,2025,8,10,41.44097222222222,Good
2025-08-11,15.720833333333333,16.9375,365.2083333333333,7.554166666666667,8.416666666666666,63.25,Kolkata,2025,8,11,56.69025997150997,Satisfactory
2025-08-12,24.72083333333333,26.075000000000003,464.625,8.441666666666666,9.670833333333333,77.125,Kolkata,2025,8,12,77.18126780626781,Satisfactory
2025-08-13,12.329166666666666,13.9,365.25,8.695833333333333,6.0375000000000005,43.958333333333336,Kolkata,2025,8,13,48.72418091168091,Good
2025-08-14,9.225,10.416666666666666,327.75,7.895833333333333,5.170833333333333,54.583333333333336,Kolkata,2025,8,14,37.79469373219373,Good
2025-08-15,9.770833333333334,10.924999999999999,315.875,8.445833333333333,5.7,55.125,Kolkata,2025,8,15,38.85105056980057,Good
2025-08-16,14.862499999999999,16.920833333333334,395.25,10.5375,7.308333333333334,51.875,Kolkata,2025,8,16,54.602475071225065,Satisfactory
2025-08-17,12.708333333333334,14.229166666666666,331.4583333333333,10.566666666666666,6.433333333333334,44.583333333333336,Kolkata,2025,8,17,46.98005698005698,Good
2025-08-18,6.8374999999999995,8.258333333333333,221.16666666666666,5.520833333333333,3.7541666666666664,56.0,Kolkata,2025,8,18,28.489583333333332,Good
2025-08-19,7.270833333333333,8.795833333333333,235.08333333333334,5.195833333333334,3.9875000000000003,59.916666666666664,Kolkata,2025,8,19,30.295138888888886,Good
2025-08-20,10.016666666666667,11.454166666666666,264.75,7.612500000000001,5.604166666666667,54.291666666666664,Kolkata,2025,8,20,40.332086894586894,Good
2025-08-21,19.483333333333334,20.029166666666665,506.875,10.383333333333333,11.266666666666666,66.25,Kolkata,2025,8,21,65.92236467236468,Satisfactory
2025-08-22,17.841666666666665,17.979166666666668,459.8333333333333,10.979166666666666,12.991666666666667,58.875,Kolkata,2025,8,22,61.95779914529914,Satisfactory
2025-08-23,18.075,18.266666666666666,377.5833333333333,9.362499999999999,13.424999999999999,75.75,Kolkata,2025,8,23,62.980769230769226,Satisfactory
2025-08-24,20.575,21.708333333333332,331.5416666666667,9.841666666666667,11.983333333333334,64.33333333333333,Kolkata,2025,8,24,68.32264957264958,Satisfactory
2025-08-25,22.22083333333333,23.21666666666667,406.5833333333333,13.075000000000001,11.541666666666666,63.583333333333336,Kolkata,2025,8,25,71.79709757834759,Satisfactory
2025-08-26,16.037499999999998,18.441666666666666,360.875,12.033333333333333,7.5249999999999995,51.291666666666664,Kolkata,2025,8,26,57.113158831908834,Satisfactory
2025-08-27,10.270833333333334,12.058333333333332,290.9166666666667,8.008333333333333,5.291666666666667,56.291666666666664,Kolkata,2025,8,27,41.399572649572654,Good
2025-08-28,9.6625,11.783333333333333,263.125,5.383333333333333,5.1375,59.833333333333336,Kolkata,2025,8,28,39.70219017094017,Good
2025-08-29,10.4625,12.35,296.875,6.245833333333334,5.675,53.875,Kolkata,2025,8,29,42.77332621082621,Good
2025-08-30,14.279166666666667,16.087500000000002,371.7916666666667,9.854166666666666,7.241666666666667,45.791666666666664,Kolkata,2025,8,30,53.56748575498576,Satisfactory
2025-08-31,23.3,26.09166666666667,470.125,16.941666666666666,12.216666666666667,48.541666666666664,Kolkata,2025,8,31,80.74269943019944,Satisfactory
2025-09-01,28.929166666666664,30.433333333333334,438.0,17.766666666666666,14.775,82.66666666666667,Kolkata,2025,9,1,90.71883903133903,Satisfactory
2025-09-02,10.475,11.470833333333333,299.0,7.575,5.104166666666667,53.541666666666664,Kolkata,2025,9,2,41.04077635327636,Good
2025-09-03,7.2375,8.4625,254.83333333333334,5.595833333333334,3.8125,61.5,Kolkata,2025,9,3,30.15625,Good
2025-09-04,11.4,13.166666666666666,295.6666666666667,8.25,5.945833333333333,58.333333333333336,Kolkata,2025,9,4,44.10835113960113,Good
2025-09-05,17.108333333333334,20.741666666666667,352.8333333333333,8.108333333333333,6.704166666666667,62.75,Kolkata,2025,9,5,60.839120370370374,Satisfactory
2025-09-06,22.604166666666668,29.383333333333336,426.8333333333333,8.879166666666666,7.854166666666667,60.333333333333336,Kolkata,2025,9,6,72.65847578347578,Satisfactory
2025-09-07,20.45,27.045833333333334,414.5416666666667,9.045833333333333,8.179166666666667,54.5,Kolkata,2025,9,7,68.05555555555556,Satisfactory
2025-09-08,18.4375,25.066666666666666,373.1666666666667,8.920833333333333,8.058333333333334,50.625,Kolkata,2025,9,8,63.75534188034188,Satisfactory
2025-09-09,19.295833333333334,23.6125,336.5416666666667,11.200000000000001,9.1,50.041666666666664,Kolkata,2025,9,9,65.58938746438746,Satisfactory
2025-09-10,15.945833333333333,18.754166666666666,353.875,8.475,8.883333333333333,60.625,Kolkata,2025,9,10,58.431267806267805,Satisfactory
2025-09-11,18.166666666666668,19.804166666666667,417.1666666666667,10.766666666666666,10.133333333333333,58.125,Kolkata,2025,9,11,63.17663817663817,Satisfactory
2025-09-12,16.083333333333332,17.45,420.9583333333333,11.125,8.729166666666666,46.791666666666664,Kolkata,2025,9,12,58.361378205128204,Satisfactory
2025-09-13,14.441666666666668,16.033333333333335,420.375,9.670833333333333,7.6125,50.875,Kolkata,2025,9,13,54.69284188034188,Satisfactory
2025-09-14,13.075000000000001,14.554166666666667,453.9583333333333,9.975,7.279166666666666,49.541666666666664,Kolkata,2025,9,14,49.95414886039885,Good
2025-09-15,11.454166666666666,12.041666666666666,435.125,7.8625,6.891666666666667,65.16666666666667,Kolkata,2025,9,15,44.05493233618233,Good
2025-09-16,14.316666666666668,15.075000000000001,343.5833333333333,6.858333333333333,6.441666666666666,70.91666666666667,Kolkata,2025,9,16,53.91826923076923,Satisfactory
2025-09-17,18.8625,21.787499999999998,332.7083333333333,7.508333333333333,6.8374999999999995,54.625,Kolkata,2025,9,17,64.66346153846153,Satisfactory
2025-09-18,25.125,27.679166666666664,474.8333333333333,11.654166666666667,10.845833333333333,55.208333333333336,Kolkata,2025,9,18,80.56214387464388,Satisfactory
2025-09-19,42.12083333333333,43.46666666666667,692.2083333333334,16.425,16.224999999999998,73.54166666666667,Kolkata,2025,9,19,127.63392187734293,Moderate
2025-09-20,57.2875,57.65416666666667,834.5833333333334,20.016666666666666,20.033333333333335,73.375,Kolkata,2025,9,20,173.10526315789477,Moderate
2025-09-21,48.63333333333333,48.791666666666664,877.6666666666666,12.633333333333333,21.4875,106.0,Kolkata,2025,9,21,161.80997900734744,Moderate
2025-09-22,37.63333333333333,37.770833333333336,636.1666666666666,18.383333333333333,17.575,81.79166666666667,Kolkata,2025,9,22,123.63488716449244,Moderate
2025-09-23,33.475,33.67916666666667,594.875,13.858333333333334,13.191666666666668,77.75,Kolkata,2025,9,23,99.90722934472934,Satisfactory
2025-09-24,34.275,34.775,613.4583333333334,17.933333333333334,11.950000000000001,68.54166666666667,Kolkata,2025,9,24,107.2437865497076,Moderate
2025-09-25,29.179166666666664,29.729166666666668,665.125,19.533333333333335,11.783333333333333,60.25,Kolkata,2025,9,25,95.16243064927276,Satisfactory
2025-09-26,15.6625,16.1875,415.1666666666667,12.420833333333334,6.925,62.083333333333336,Kolkata,2025,9,26,56.306178774928775,Satisfactory
2025-09-27,9.775,11.333333333333334,282.0,6.745833333333334,4.883333333333334,63.583333333333336,Kolkata,2025,9,27,38.83457977207977,Good
2025-09-28,14.383333333333333,15.945833333333333,454.875,10.008333333333333,7.533333333333334,53.416666666666664,Kolkata,2025,9,28,53.587072649572654,Satisfactory
2025-09-29,27.745833333333334,29.083333333333332,705.4166666666666,15.916666666666666,14.920833333333334,76.375,Kolkata,2025,9,29,85.66114672364672,Satisfactory
2025-09-30,50.5375,51.0625,528.9583333333334,17.866666666666667,23.162499999999998,97.66666666666667,Kolkata,2025,9,30,162.54605263157896,Moderate
2025-10-01,23.537499999999998,24.008333333333336,439.0416666666667,11.299999999999999,11.391666666666666,76.79166666666667,Kolkata,2025,10,1,75.60220797720798,Satisfactory
2025-10-02,8.491666666666667,9.875,256.8333333333333,7.041666666666667,4.183333333333334,56.041666666666664,Kolkata,2025,10,2,35.38194444444444,Good
2025-10-03,10.4125,12.5375,281.6666666666667,5.1499999999999995,4.295833333333333,58.583333333333336,Kolkata,2025,10,3,42.76798433048433,Good
2025-10-04,13.495833333333332,15.9,283.1666666666667,4.9125000000000005,5.104166666666667,60.166666666666664,Kolkata,2025,10,4,52.87482193732194,Satisfactory
2025-10-05,24.416666666666668,25.304166666666664,460.4166666666667,10.725,9.583333333333334,66.41666666666667,Kolkata,2025,10,5,86.84116809116809,Satisfactory
2025-10-06,34.795833333333334,35.0375,660.25,14.762500000000001,17.383333333333333,76.45833333333333,Kolkata,2025,10,6,112.843108037187,Moderate
2025-10-07,41.56666666666667,41.97083333333334,678.5416666666666,15.520833333333334,16.941666666666666,78.125,Kolkata,2025,10,7,131.16160593792173,Moderate
2025-10-08,47.458333333333336,47.925000000000004,727.8333333333334,16.241666666666667,16.95,78.875,Kolkata,2025,10,8,152.59233018443544,Moderate
2025-10-09,79.27499999999999,80.52499999999999,1050.7083333333333,21.241666666666667,21.029166666666665,102.08333333333333,Kolkata,2025,10,9,224.9342105263158,Poor
2025-10-10,80.075,80.90833333333333,876.5416666666666,17.704166666666666,20.575,109.79166666666667,Kolkata,2025,10,10,225.97368421052633,Poor
2025-10-11,52.69166666666666,53.22083333333333,712.75,22.21666666666667,15.720833333333333,82.75,Kolkata,2025,10,11,158.79423451791874,Moderate
2025-10-12,80.06666666666666,84.11666666666666,768.7083333333334,32.666666666666664,24.8625,89.83333333333333,Kolkata,2025,10,12,222.54385964912282,Poor
2025-10-13,77.5125,83.1875,789.0833333333334,26.820833333333336,26.599999999999998,100.04166666666667,Kolkata,2025,10,13,220.3157894736842,Poor
2025-10-14,60.708333333333336,64.64583333333333,560.9166666666666,15.779166666666667,18.979166666666668,108.125,Kolkata,2025,10,14,195.90021929824562,Moderate
2025-10-15,72.25833333333334,77.45833333333333,596.875,18.304166666666667,22.895833333333332,105.45833333333333,Kolkata,2025,10,15,217.74561403508775,Poor
2025-10-16,81.45416666666667,85.09583333333333,693.25,23.333333333333332,29.391666666666666,107.08333333333333,Kolkata,2025,10,16,225.3201754385965,Poor
2025-10-17,105.95833333333333,108.5625,699.0833333333334,30.025000000000002,37.31666666666667,114.375,Kolkata,2025,10,17,253.21929824561403,Poor
2025-10-18,89.80416666666667,91.28750000000001,692.4166666666666,21.349999999999998,26.820833333333336,111.54166666666667,Kolkata,2025,10,18,236.21491228070178,Poor
2025-10-19,73.13333333333334,73.49583333333334,623.5,22.916666666666668,21.216666666666665,98.79166666666667,Kolkata,2025,10,19,201.32905982905982,Poor
2025-10-20,60.979166666666664,61.12083333333334,617.875,26.916666666666668,17.2375,84.70833333333333,Kolkata,2025,10,20,174.08843154895786,Moderate
2025-10-21,56.791666666666664,57.19166666666666,655.4166666666666,21.495833333333334,17.220833333333335,105.20833333333333,Kolkata,2025,10,21,177.5023710451342,Moderate
2025-10-22,73.3875,73.825,647.0416666666666,27.400000000000002,24.045833333333334,105.79166666666667,Kolkata,2025,10,22,203.3421052631579,Poor
2025-10-23,72.71249999999999,72.97083333333333,753.4166666666666,31.15833333333333,28.445833333333336,109.45833333333333,Kolkata,2025,10,23,190.14550532313692,Moderate
2025-10-24,56.666666666666664,57.01666666666667,689.4583333333334,21.2375,23.0125,115.16666666666667,Kolkata,2025,10,24,172.75707564852303,Moderate
2025-10-25,79.79166666666667,80.55416666666666,508.875,21.375,20.1875,108.54166666666667,Kolkata,2025,10,25,222.92872807017545,Poor
2025-10-26,90.74166666666667,91.1375,571.7083333333334,23.96666666666667,25.566666666666666,117.16666666666667,Kolkata,2025,10,26,237.20175438596493,Poor
2025-10-27,66.29166666666667,66.46249999999999,657.75,20.066666666666666,16.891666666666666,98.16666666666667,Kolkata,2025,10,27,194.45833333333334,Moderate
2025-10-28,40.90833333333333,41.72083333333333,551.75,17.724999999999998,13.4125,72.125,Kolkata,2025,10,28,134.9447443394812,Moderate
2025-10-29,18.841666666666665,20.120833333333334,428.0416666666667,14.295833333333334,8.566666666666666,43.791666666666664,Kolkata,2025,10,29,67.24367877492878,Satisfactory
2025-10-30,16.662499999999998,18.3875,502.75,9.220833333333333,7.5375000000000005,48.416666666666664,Kolkata,2025,10,30,58.79540598290598,Satisfactory
2025-10-31,18.779166666666665,21.354166666666668,347.1666666666667,7.033333333333334,6.970833333333334,52.5,Kolkata,2025,10,31,64.46002492877493,Satisfactory
2025-11-01,41.574999999999996,42.32083333333333,553.7083333333334,14.362499999999999,17.008333333333333,74.5,Kolkata,2025,11,1,123.62460638776429,Moderate
2025-11-02,44.42083333333333,44.47083333333333,651.5,20.766666666666666,20.966666666666665,67.625,Kolkata,2025,11,2,141.39845741490478,Moderate
2025-11-03,89.75833333333333,113.4375,818.0416666666666,23.058333333333334,27.258333333333336,95.91666666666667,Kolkata,2025,11,3,235.80085253293876,Poor
2025-11-04,110.4875,137.98749999999998,830.375,17.479166666666668,29.754166666666666,109.45833333333333,Kolkata,2025,11,4,257.9868421052632,Poor
2025-11-05,102.575,116.36666666666667,878.375,17.829166666666666,35.420833333333334,108.20833333333333,Kolkata,2025,11,5,249.65789473684208,Poor
2025-11-06,90.00416666666666,95.27499999999999,872.7083333333334,21.254166666666666,27.19583333333333,112.0,Kolkata,2025,11,6,236.4254385964912,Poor
2025-11-07,78.16250000000001,80.93333333333332,762.625,21.962500000000002,20.616666666666667,97.33333333333333,Kolkata,2025,11,7,223.96052631578948,Poor
2025-11-08,56.083333333333336,62.1625,510.4583333333333,16.891666666666666,21.84166666666667,106.375,Kolkata,2025,11,8,179.81469298245614,Moderate
2025-11-09,79.39583333333333,87.47916666666667,670.5,24.53333333333333,31.183333333333334,102.95833333333333,Kolkata,2025,11,9,225.25877192982458,Poor
2025-11-10,92.32083333333333,98.28750000000001,682.2916666666666,23.90416666666667,29.224999999999998,102.75,Kolkata,2025,11,10,238.86403508771932,Poor
2025-11-11,113.46249999999999,124.47500000000001,700.7916666666666,26.491666666666664,35.40833333333333,103.04166666666667,Kolkata,2025,11,11,261.0825671105475,Poor
2025-11-12,126.03750000000001,140.37916666666666,881.375,26.604166666666668,33.05833333333333,108.625,Kolkata,2025,11,12,274.1656626506024,Poor
2025-11-13,123.00833333333333,133.37083333333334,902.1666666666666,29.837500000000002,31.733333333333334,105.95833333333333,Kolkata,2025,11,13,270.92723525681674,Poor
2025-11-14,119.95416666666667,127.675,961.75,28.895833333333332,30.320833333333336,106.83333333333333,Kolkata,2025,11,14,267.91772352568165,Poor
2025-11-15,103.1375,107.34583333333335,887.5416666666666,28.570833333333336,23.829166666666666,103.54166666666667,Kolkata,2025,11,15,250.25,Poor
2025-11-16,93.325,96.49583333333334,702.5416666666666,26.379166666666666,22.166666666666668,99.5,Kolkata,2025,11,16,237.3717105263158,Poor
2025-11-17,70.74166666666666,72.35833333333333,665.125,22.7375,18.416666666666668,101.625,Kolkata,2025,11,17,192.77858374568902,Moderate
2025-11-18,72.55833333333334,74.08749999999999,922.4583333333334,34.19166666666667,24.820833333333336,97.0,Kolkata,2025,11,18,191.53669028340082,Moderate
2025-11-19,78.52499999999999,80.3125,924.2916666666666,38.733333333333334,33.87083333333333,104.5,Kolkata,2025,11,19,199.57644511920827,Moderate
2025-11-20,68.70833333333333,69.44583333333334,731.1666666666666,31.09166666666667,32.829166666666666,106.04166666666667,Kolkata,2025,11,20,187.36230131953815,Moderate
2025-11-21,94.27499999999999,95.29583333333333,957.0416666666666,31.1875,32.329166666666666,108.45833333333333,Kolkata,2025,11,21,237.99033854717115,Poor
2025-11-22,150.7125,153.47083333333333,1026.4166666666667,40.608333333333334,49.604166666666664,100.91666666666667,Kolkata,2025,11,22,299.30802155992393,Poor
2025-11-23,157.12083333333334,162.25416666666666,995.0416666666666,43.92916666666667,41.7875,110.29166666666667,Kolkata,2025,11,23,305.521903403086,Very Poor
2025-11-24,145.23333333333332,153.9375,843.125,28.041666666666668,24.599999999999998,97.58333333333333,Kolkata,2025,11,24,294.07524836186855,Poor
2025-11-25,125.70833333333333,131.75,776.8333333333334,25.1875,28.391666666666666,101.75,Kolkata,2025,11,25,273.6737300077503,Poor
2025-11-26,115.85416666666667,119.60416666666667,729.125,22.691666666666666,27.525000000000002,111.66666666666667,Kolkata,2025,11,26,263.5962622419502,Poor
2025-11-27,78.15833333333333,79.79583333333333,724.8333333333334,27.625,20.3125,99.66666666666667,Kolkata,2025,11,27,199.14091318038686,Moderate
2025-11-28,94.59166666666665,97.35833333333333,832.9583333333334,47.03333333333333,32.708333333333336,92.5,Kolkata,2025,11,28,220.06571404827585,Poor
2025-11-29,115.75416666666666,117.64583333333333,963.4166666666666,51.0875,43.333333333333336,93.29166666666667,Kolkata,2025,11,29,247.81222257450858,Poor
2025-11-30,132.94166666666666,133.42083333333332,935.5416666666666,44.42083333333333,41.27916666666667,99.95833333333333,Kolkata,2025,11,30,280.889928133587,Poor
2025-12-01,128.275,128.5375,844.5416666666666,36.362500000000004,35.69166666666667,105.66666666666667,Kolkata,2025,12,1,276.35826639892906,Poor
2025-12-02,128.44166666666666,128.69166666666666,913.75,30.025000000000002,39.15416666666667,103.91666666666667,Kolkata,2025,12,2,276.33498907912355,Poor
2025-12-03,146.47916666666666,147.04583333333332,911.6666666666666,37.137499999999996,42.55416666666667,103.375,Kolkata,2025,12,3,294.7868579581484,Poor
2025-12-04,143.99166666666667,145.26666666666668,819.3333333333334,25.254166666666666,33.99166666666667,112.25,Kolkata,2025,12,4,292.799628337913,Poor
2025-12-05,103.4375,104.5625,691.5,19.045833333333334,27.245833333333334,107.16666666666667,Kolkata,2025,12,5,250.4647097160572,Poor
2025-12-06,106.67916666666667,108.30416666666667,809.9166666666666,23.520833333333332,30.608333333333334,107.95833333333333,Kolkata,2025,12,6,253.91183153667302,Poor
2025-12-07,132.56666666666666,134.45000000000002,914.7916666666666,31.287499999999998,37.875,104.45833333333333,Kolkata,2025,12,7,280.8470460790531,Poor
2025-12-08,143.69583333333333,145.80416666666667,972.9583333333334,29.27916666666667,41.55,112.875,Kolkata,2025,12,8,292.3861322482914,Poor
2025-12-09,152.20416666666668,154.25833333333333,1114.7916666666667,30.058333333333334,36.733333333333334,109.75,Kolkata,2025,12,9,301.08380011273164,Very Poor
2025-12-10,150.70000000000002,153.9625,1014.125,27.391666666666666,32.75416666666667,116.375,Kolkata,2025,12,10,299.5598182202494,Poor
2025-12-11,159.65416666666667,163.94166666666666,993.75,33.920833333333334,39.90416666666667,110.04166666666667,Kolkata,2025,12,11,308.35669872472346,Very Poor
2025-12-12,165.56666666666666,169.48333333333332,1022.7083333333334,45.49166666666667,44.0875,104.875,Kolkata,2025,12,12,314.1633023321356,Very Poor
2025-12-13,121.05,123.45416666666667,864.7916666666666,38.975,30.941666666666666,98.54166666666667,Kolkata,2025,12,13,260.4672858099063,Poor
2025-12-14,79.47500000000001,81.39166666666667,621.4166666666666,26.8125,22.6375,103.91666666666667,Kolkata,2025,12,14,204.31415879442196,Poor
2025-12-15,83.075,85.96666666666665,759.25,30.6375,29.870833333333334,107.20833333333333,Kolkata,2025,12,15,211.73026315789477,Poor
2025-12-16,124.17916666666667,129.13333333333333,876.4166666666666,35.25833333333333,38.925000000000004,101.83333333333333,Kolkata,2025,12,16,272.02640386105827,Poor
2025-12-17,135.1875,140.60416666666666,848.0833333333334,31.016666666666666,36.37083333333333,106.25,Kolkata,2025,12,17,283.41155851476077,Poor
2025-12-18,86.91666666666667,89.91250000000001,713.3333333333334,20.129166666666666,23.34166666666667,107.66666666666667,Kolkata,2025,12,18,221.92543859649126,Poor
2025-12-19,83.28333333333333,85.75416666666666,729.9166666666666,23.412499999999998,20.55,93.45833333333333,Kolkata,2025,12,19,220.3870614035088,Poor
2025-12-20,99.66666666666667,103.16250000000001,790.5833333333334,17.720833333333335,19.466666666666665,94.625,Kolkata,2025,12,20,246.59649122807016,Poor
2025-12-21,114.13749999999999,117.64583333333333,714.4583333333334,16.933333333333334,20.1875,98.0,Kolkata,2025,12,21,261.82894736842104,Poor
2025-12-22,101.0,103.64999999999999,704.7083333333334,21.287499999999998,23.416666666666668,95.79166666666667,Kolkata,2025,12,22,246.94736842105263,Poor
2025-12-23,122.29583333333333,124.71666666666668,973.9583333333334,32.03333333333333,38.987500000000004,96.54166666666667,Kolkata,2025,12,23,270.075142675967,Poor
2025-12-24,159.40833333333333,163.20000000000002,1140.4166666666667,30.141666666666666,38.324999999999996,103.95833333333333,Kolkata,2025,12,24,308.7623388290002,Very Poor
2025-12-25,129.13750000000002,132.56666666666666,906.0,22.02916666666667,30.175,107.91666666666667,Kolkata,2025,12,25,277.3034330303671,Poor
2025-12-26,140.5625,144.0,873.7083333333334,25.604166666666668,33.487500000000004,102.66666666666667,Kolkata,2025,12,26,288.935963150849,Poor
2025-12-27,135.79166666666666,138.10416666666666,913.0833333333334,26.829166666666666,31.5625,96.5,Kolkata,2025,12,27,284.1479954907349,Poor
2025-12-28,123.74583333333334,125.27083333333333,966.125,27.308333333333334,30.833333333333332,99.08333333333333,Kolkata,2025,12,28,271.6579740012682,Poor
2025-12-29,145.31666666666666,147.04166666666666,1051.625,25.95,33.425,105.83333333333333,Kolkata,2025,12,29,293.9725568942436,Poor
2025-12-30,150.6875,152.25,995.25,28.59166666666667,33.641666666666666,108.5,Kolkata,2025,12,30,299.18082857746776,Poor
2025-12-31,168.73333333333332,171.22083333333333,1031.8333333333333,30.583333333333332,35.858333333333334,114.29166666666667,Kolkata,2025,12,31,317.8628725428028,Very Poor
2025-01-01,71.175,72.30833333333334,598.25,28.075,31.45,130.54166666666666,Mumbai,2025,1,1,216.34210526315792,Poor
2025-01-02,59.69583333333333,60.2875,648.5833333333334,26.854166666666668,37.050000000000004,128.125,Mumbai,2025,1,2,198.0745614035088,Moderate
2025-01-03,55.50833333333333,55.94583333333333,581.0,37.69583333333333,32.25,144.66666666666666,Mumbai,2025,1,3,177.2943563502774,Moderate
2025-01-04,42.69166666666666,43.425000000000004,666.9583333333334,34.5875,27.599999999999998,134.625,Mumbai,2025,1,4,133.41141850352378,Moderate
2025-01-05,42.12916666666667,43.51666666666667,827.1666666666666,17.791666666666668,26.525000000000002,124.70833333333333,Mumbai,2025,1,5,136.9904595891438,Moderate
2025-01-06,44.34166666666667,46.75,663.4583333333334,13.6625,31.258333333333336,125.33333333333333,Mumbai,2025,1,6,142.7610586294797,Moderate
2025-01-07,47.020833333333336,47.82916666666667,569.5416666666666,17.537499999999998,22.40416666666667,122.20833333333333,Mumbai,2025,1,7,156.02728107662318,Moderate
2025-01-08,61.770833333333336,62.31666666666666,607.7083333333334,27.891666666666666,28.920833333333334,135.04166666666666,Mumbai,2025,1,8,203.26864035087718,Poor
2025-01-09,66.2375,67.17083333333333,625.2083333333334,37.766666666666666,30.724999999999998,148.20833333333334,Mumbai,2025,1,9,201.73684210526315,Poor
2025-01-10,81.16250000000001,82.41250000000001,774.75,39.704166666666666,39.550000000000004,171.66666666666666,Mumbai,2025,1,10,227.1184210526316,Poor
2025-01-11,65.25,67.77916666666667,755.875,16.695833333333333,28.7,132.33333333333334,Mumbai,2025,1,11,205.07236842105263,Poor
2025-01-12,53.84583333333333,55.38333333333333,591.0,15.383333333333333,28.375,125.625,Mumbai,2025,1,12,172.97242840006,Moderate
2025-01-13,75.00416666666668,75.65833333333333,572.9166666666666,23.59583333333333,24.270833333333332,119.20833333333333,Mumbai,2025,1,13,215.98135964912282,Poor
2025-01-14,83.47500000000001,84.325,688.0,40.81666666666667,30.741666666666664,133.20833333333334,Mumbai,2025,1,14,229.55263157894737,Poor
2025-01-15,78.4875,79.78333333333333,877.375,26.6125,37.204166666666666,106.5,Mumbai,2025,1,15,224.30263157894737,Poor
2025-01-16,77.40833333333333,78.02083333333333,692.5833333333334,16.849999999999998,33.791666666666664,107.58333333333333,Mumbai,2025,1,16,223.16666666666666,Poor
2025-01-17,78.87083333333334,79.83333333333333,597.2916666666666,33.016666666666666,28.6875,131.95833333333334,Mumbai,2025,1,17,224.70614035087718,Poor
2025-01-18,74.2375,74.92083333333333,631.9583333333334,39.800000000000004,31.254166666666666,143.29166666666666,Mumbai,2025,1,18,217.04934210526315,Poor
2025-01-19,72.84583333333333,73.52083333333333,651.9166666666666,35.487500000000004,30.59166666666667,142.83333333333334,Mumbai,2025,1,19,214.49890350877195,Poor
2025-01-20,67.59166666666667,68.33749999999999,715.125,31.724999999999998,25.770833333333332,131.5,Mumbai,2025,1,20,212.83333333333334,Poor
2025-01-21,70.03750000000001,70.83749999999999,764.4583333333334,25.025000000000002,35.0375,135.95833333333334,Mumbai,2025,1,21,215.4078947368421,Poor
2025-01-22,63.770833333333336,64.69166666666666,792.7916666666666,19.645833333333332,37.38333333333333,128.41666666666666,Mumbai,2025,1,22,208.81140350877195,Poor
2025-01-23,52.675000000000004,55.21666666666667,593.7083333333334,17.25,34.52916666666667,111.66666666666667,Mumbai,2025,1,23,170.86513157894737,Moderate
2025-01-24,53.00416666666666,54.63333333333333,693.2083333333334,23.620833333333334,24.875,123.79166666666667,Mumbai,2025,1,24,167.655055105713,Moderate
2025-01-25,76.6375,77.40416666666667,867.4583333333334,41.05416666666667,35.17916666666667,129.04166666666666,Mumbai,2025,1,25,222.35526315789477,Poor
2025-01-26,66.54166666666667,67.1875,800.5833333333334,28.787499999999998,32.291666666666664,138.41666666666666,Mumbai,2025,1,26,211.6951754385965,Poor
2025-01-27,59.975,60.525,811.0,23.9375,33.987500000000004,136.375,Mumbai,2025,1,27,203.2697368421053,Poor
2025-01-28,58.362500000000004,59.27916666666667,832.7916666666666,24.09166666666667,39.458333333333336,135.5,Mumbai,2025,1,28,197.0657894736842,Moderate
2025-01-29,58.637499999999996,59.49583333333334,703.3333333333334,24.604166666666668,32.895833333333336,137.75,Mumbai,2025,1,29,188.39144736842107,Moderate
2025-01-30,52.49583333333334,54.237500000000004,677.3333333333334,22.933333333333334,32.354166666666664,140.875,Mumbai,2025,1,30,170.577850877193,Moderate
2025-01-31,31.891666666666666,57.916666666666664,494.7083333333333,15.645833333333334,19.020833333333332,97.08333333333333,Mumbai,2025,1,31,93.4818376068376,Satisfactory
2025-02-01,35.104166666666664,63.26666666666667,496.75,14.116666666666667,21.712500000000002,111.04166666666667,Mumbai,2025,2,1,102.38621794871796,Moderate
2025-02-02,40.21666666666667,49.37916666666666,570.375,22.558333333333334,35.112500000000004,108.91666666666667,Mumbai,2025,2,2,126.79148860398861,Moderate
2025-02-03,42.69166666666666,53.97083333333333,661.7083333333334,16.529166666666665,27.837500000000002,104.66666666666667,Mumbai,2025,2,3,136.45833333333334,Moderate
2025-02-04,47.12083333333334,57.92916666666667,519.6666666666666,15.004166666666668,22.275000000000002,122.5,Mumbai,2025,2,4,158.60416666666666,Moderate
2025-02-05,30.391666666666666,35.920833333333334,491.3333333333333,13.845833333333333,27.070833333333336,122.83333333333333,Mumbai,2025,2,5,94.20174501424502,Satisfactory
2025-02-06,37.18333333333333,39.44166666666667,635.375,21.275000000000002,22.483333333333334,117.41666666666667,Mumbai,2025,2,6,124.96232568600989,Moderate
2025-02-07,71.875,73.125,808.0,42.0,31.90833333333333,116.29166666666667,Mumbai,2025,2,7,217.34210526315792,Poor
2025-02-08,83.69583333333334,84.94166666666666,1042.9583333333333,39.762499999999996,42.0,132.41666666666666,Mumbai,2025,2,8,229.78508771929828,Poor
2025-02-09,70.14999999999999,71.19166666666666,692.625,26.491666666666664,33.449999999999996,142.5,Mumbai,2025,2,9,215.50986842105263,Poor
2025-02-10,57.25416666666666,58.6875,597.0833333333334,23.641666666666666,30.545833333333334,152.75,Mumbai,2025,2,10,193.49780701754386,Moderate
2025-02-11,47.67083333333333,48.92083333333333,607.7083333333334,19.775000000000002,28.9375,145.33333333333334,Mumbai,2025,2,11,159.04111373519268,Moderate
2025-02-12,37.125,42.170833333333334,514.625,20.599999999999998,23.758333333333336,121.16666666666667,Mumbai,2025,2,12,118.19301994301993,Moderate
2025-02-13,34.795833333333334,46.99583333333334,477.7916666666667,18.945833333333333,21.474999999999998,128.29166666666666,Mumbai,2025,2,13,105.04398148148148,Moderate
2025-02-14,33.52916666666667,39.175000000000004,474.5,21.2,22.425,130.375,Mumbai,2025,2,14,101.29950142450143,Moderate
2025-02-15,36.69583333333333,46.75,497.0833333333333,22.9375,27.679166666666664,123.625,Mumbai,2025,2,15,110.95299145299145,Moderate
2025-02-16,38.729166666666664,54.46666666666667,562.6666666666666,27.504166666666666,24.079166666666666,113.20833333333333,Mumbai,2025,2,16,120.59091505473084,Moderate
2025-02-17,34.9125,56.15416666666667,509.0,21.52916666666667,21.329166666666666,117.91666666666667,Mumbai,2025,2,17,105.43643162393163,Moderate
2025-02-18,37.49583333333333,54.25416666666666,514.375,22.383333333333336,26.170833333333334,121.75,Mumbai,2025,2,18,118.0262408157145,Moderate
2025-02-19,35.583333333333336,54.79583333333333,497.5,19.087500000000002,23.662499999999998,116.20833333333333,Mumbai,2025,2,19,105.30698005698007,Moderate
2025-02-20,34.05833333333333,55.425000000000004,501.0,19.279166666666665,19.541666666666668,121.20833333333333,Mumbai,2025,2,20,103.181801994302,Moderate
2025-02-21,35.75833333333333,60.85,399.125,18.370833333333334,21.454166666666666,126.91666666666667,Mumbai,2025,2,21,113.02991452991454,Moderate
2025-02-22,35.42916666666667,50.47083333333333,478.375,24.90416666666667,24.9875,126.83333333333333,Mumbai,2025,2,22,111.02375730994153,Moderate
2025-02-23,38.78333333333333,52.45416666666667,481.4583333333333,27.020833333333332,26.9375,140.91666666666666,Mumbai,2025,2,23,122.23753561253562,Moderate
2025-02-24,37.75,55.49166666666667,442.4166666666667,26.662499999999998,26.141666666666666,137.33333333333334,Mumbai,2025,2,24,116.56980056980058,Moderate
2025-02-25,52.84166666666667,78.84166666666667,590.625,36.449999999999996,30.141666666666666,155.79166666666666,Mumbai,2025,2,25,163.58991228070178,Moderate
2025-02-26,68.5125,88.69583333333333,973.2083333333334,40.895833333333336,39.762499999999996,202.79166666666666,Mumbai,2025,2,26,208.3092105263158,Poor
2025-02-27,76.26666666666667,85.35833333333333,836.5416666666666,36.775,38.5375,213.20833333333334,Mumbai,2025,2,27,221.96491228070178,Poor
2025-02-28,67.27083333333333,77.66250000000001,841.2083333333334,27.662499999999998,39.49166666666667,153.41666666666666,Mumbai,2025,2,28,200.50548245614036,Poor
2025-03-01,33.34166666666667,50.75,441.0416666666667,19.1125,20.616666666666667,104.0,Mumbai,2025,3,1,102.97471509971511,Moderate
2025-03-02,39.3375,59.65,447.5,20.804166666666667,25.45,115.54166666666667,Mumbai,2025,3,2,127.06036324786324,Moderate
2025-03-03,43.02916666666667,74.575,480.6666666666667,18.470833333333335,22.195833333333336,128.16666666666666,Mumbai,2025,3,3,138.22934472934472,Moderate
2025-03-04,36.666666666666664,59.21666666666667,457.4583333333333,16.974999999999998,24.920833333333334,116.45833333333333,Mumbai,2025,3,4,109.1607905982906,Moderate
2025-03-05,31.058333333333334,46.6625,404.4166666666667,15.887500000000001,18.083333333333332,128.70833333333334,Mumbai,2025,3,5,95.82905982905983,Satisfactory
2025-03-06,29.641666666666666,31.9375,493.8333333333333,21.229166666666668,19.404166666666665,141.125,Mumbai,2025,3,6,91.51353276353278,Satisfactory
2025-03-07,32.22083333333333,34.05833333333333,488.9166666666667,20.212500000000002,23.900000000000002,152.375,Mumbai,2025,3,7,97.04843304843304,Satisfactory
2025-03-08,47.7125,55.9375,593.125,24.145833333333332,32.550000000000004,162.58333333333334,Mumbai,2025,3,8,151.82565789473685,Moderate
2025-03-09,43.041666666666664,56.42916666666667,822.125,24.541666666666668,24.691666666666666,136.58333333333334,Mumbai,2025,3,9,133.48633603238866,Moderate
2025-03-10,60.50416666666666,67.30416666666666,717.0,35.52916666666667,35.699999999999996,195.375,Mumbai,2025,3,10,184.91228070175438,Moderate
2025-03-11,86.65833333333335,90.96666666666665,985.2916666666666,40.020833333333336,46.12916666666666,205.16666666666666,Mumbai,2025,3,11,232.90350877192984,Poor
2025-03-12,90.39999999999999,95.325,845.375,39.074999999999996,43.57916666666667,185.25,Mumbai,2025,3,12,235.92105263157896,Poor
2025-03-13,75.91250000000001,83.375,735.5416666666666,34.645833333333336,39.6,170.25,Mumbai,2025,3,13,218.23684210526315,Poor
2025-03-14,46.12916666666666,58.03333333333333,547.0833333333334,28.920833333333334,30.77916666666667,134.875,Mumbai,2025,3,14,142.494667491378,Moderate
2025-03-15,28.941666666666666,40.895833333333336,429.625,18.75,18.120833333333334,112.125,Mumbai,2025,3,15,90.26834045584046,Satisfactory
2025-03-16,27.041666666666668,46.625,432.875,14.987499999999999,17.462500000000002,108.79166666666667,Mumbai,2025,3,16,82.1403133903134,Satisfactory
2025-03-17,29.587500000000002,51.24166666666667,444.5833333333333,14.4625,17.604166666666668,127.45833333333333,Mumbai,2025,3,17,87.58012820512822,Satisfactory
2025-03-18,30.3,53.574999999999996,490.2916666666667,13.029166666666667,16.441666666666666,133.45833333333334,Mumbai,2025,3,18,89.88995726495727,Satisfactory
2025-03-19,31.754166666666666,49.07916666666667,525.8333333333334,15.858333333333334,25.59583333333333,139.66666666666666,Mumbai,2025,3,19,98.49697293447294,Satisfactory
2025-03-20,25.59166666666667,36.46666666666667,448.0833333333333,16.5125,17.5125,127.29166666666667,Mumbai,2025,3,20,79.14939458689459,Satisfactory
2025-03-21,20.629166666666666,51.012499999999996,342.7083333333333,9.445833333333333,13.1625,100.08333333333333,Mumbai,2025,3,21,68.43839031339031,Satisfactory
2025-03-22,30.65833333333333,47.94166666666666,513.5833333333334,18.320833333333333,24.150000000000002,123.875,Mumbai,2025,3,22,92.65990028490029,Satisfactory
2025-03-23,42.74166666666667,61.78333333333333,791.0833333333334,25.004166666666666,32.795833333333334,140.875,Mumbai,2025,3,23,136.5109649122807,Moderate
2025-03-24,41.670833333333334,57.17083333333333,620.4166666666666,22.900000000000002,30.8125,130.625,Mumbai,2025,3,24,133.1436965811966,Moderate
2025-03-25,31.120833333333334,41.00833333333333,522.7916666666666,17.633333333333333,22.016666666666666,117.08333333333333,Mumbai,2025,3,25,93.14707977207978,Satisfactory
2025-03-26,22.054166666666664,27.162499999999998,526.2916666666666,14.879166666666668,26.683333333333334,109.79166666666667,Mumbai,2025,3,26,71.48326210826211,Satisfactory
2025-03-27,19.720833333333335,30.662499999999998,436.625,9.6,20.979166666666668,94.41666666666667,Mumbai,2025,3,27,66.49750712250712,Satisfactory
2025-03-28,34.050000000000004,63.300000000000004,428.375,14.575000000000001,23.166666666666668,135.95833333333334,Mumbai,2025,3,28,109.6778846153846,Moderate
2025-03-29,37.59583333333333,58.895833333333336,494.5833333333333,18.679166666666667,24.870833333333334,156.375,Mumbai,2025,3,29,112.74483618233619,Moderate
2025-03-30,40.541666666666664,48.0,566.1666666666666,21.59583333333333,29.77916666666667,168.16666666666666,Mumbai,2025,3,30,127.89341542959964,Moderate
2025-03-31,41.55,46.25833333333333,568.9583333333334,25.241666666666664,33.708333333333336,181.83333333333334,Mumbai,2025,3,31,130.26785312640575,Moderate
2025-04-01,51.2125,55.833333333333336,497.2083333333333,35.13333333333333,36.8375,172.54166666666666,Mumbai,2025,4,1,157.31852601589443,Moderate
2025-04-02,109.85416666666667,121.23333333333333,629.5416666666666,46.85,38.583333333333336,175.45833333333334,Mumbai,2025,4,2,257.315516451772,Poor
2025-04-03,44.14166666666667,50.01666666666667,503.4583333333333,22.070833333333336,26.59583333333333,113.91666666666667,Mumbai,2025,4,3,139.70266344279503,Moderate
2025-04-04,34.31666666666667,39.34166666666667,419.3333333333333,15.345833333333333,31.77916666666667,129.33333333333334,Mumbai,2025,4,4,108.38484030589295,Moderate
2025-04-05,32.458333333333336,40.63333333333333,469.9166666666667,20.066666666666666,18.479166666666668,130.20833333333334,Mumbai,2025,4,5,100.86057692307692,Moderate
2025-04-06,38.90833333333334,47.17083333333333,641.125,31.375,26.979166666666668,154.125,Mumbai,2025,4,6,120.49902534113062,Moderate
2025-04-07,39.84166666666666,51.04583333333333,644.125,31.070833333333336,29.3125,135.375,Mumbai,2025,4,7,122.98928812415654,Moderate
2025-04-08,39.46666666666667,54.55833333333334,547.375,26.245833333333334,25.458333333333332,135.375,Mumbai,2025,4,8,124.92159619133304,Moderate
2025-04-09,39.05833333333333,55.9375,639.5833333333334,23.45,23.275000000000002,123.20833333333333,Mumbai,2025,4,9,118.50641025641026,Moderate
2025-04-10,28.974999999999998,44.275,410.4583333333333,15.479166666666666,18.291666666666668,105.625,Mumbai,2025,4,10,86.46225071225071,Satisfactory
2025-04-11,26.462500000000002,51.76666666666667,434.375,14.625,23.599999999999998,92.58333333333333,Mumbai,2025,4,11,80.90277777777779,Satisfactory
2025-04-12,26.366666666666664,70.21666666666667,306.875,11.075000000000001,23.15833333333333,91.75,Mumbai,2025,4,12,80.6980056980057,Satisfactory
2025-04-13,31.929166666666664,72.72916666666667,392.7083333333333,13.125,33.083333333333336,103.79166666666667,Mumbai,2025,4,13,99.96848290598291,Satisfactory
2025-04-14,24.733333333333334,44.833333333333336,358.7916666666667,12.833333333333334,14.041666666666666,98.5,Mumbai,2025,4,14,77.20797720797721,Satisfactory
2025-04-15,22.391666666666666,33.80416666666667,409.25,12.233333333333334,13.429166666666667,97.16666666666667,Mumbai,2025,4,15,72.20441595441595,Satisfactory
2025-04-16,26.333333333333332,37.75,471.5833333333333,14.533333333333333,26.433333333333334,97.83333333333333,Mumbai,2025,4,16,81.68856837606837,Satisfactory
2025-04-17,25.02916666666667,41.85,364.3333333333333,11.279166666666667,26.983333333333334,93.625,Mumbai,2025,4,17,78.0071225071225,Satisfactory
2025-04-18,26.0125,45.762499999999996,367.5833333333333,11.958333333333334,27.983333333333334,93.70833333333333,Mumbai,2025,4,18,80.89565527065527,Satisfactory
2025-04-19,22.6375,39.3375,370.125,12.1875,23.583333333333332,90.375,Mumbai,2025,4,19,72.72970085470085,Satisfactory
2025-04-20,29.72083333333333,96.21249999999999,369.9583333333333,11.625,24.65833333333333,99.25,Mumbai,2025,4,20,94.73682336182337,Satisfactory
2025-04-21,27.191666666666666,78.42083333333333,376.75,10.174999999999999,21.245833333333334,100.25,Mumbai,2025,4,21,85.82514245014245,Satisfactory
2025-04-22,34.225,86.8125,410.1666666666667,15.237499999999999,19.479166666666668,113.58333333333333,Mumbai,2025,4,22,105.29166666666667,Moderate
2025-04-23,38.6875,71.97083333333333,473.4166666666667,17.916666666666668,23.616666666666664,117.54166666666667,Mumbai,2025,4,23,120.27902421652423,Moderate
2025-04-24,29.4875,57.7125,369.7916666666667,15.708333333333334,22.6875,102.16666666666667,Mumbai,2025,4,24,88.78614672364672,Satisfactory
2025-04-25,28.195833333333336,61.145833333333336,371.5,14.383333333333333,28.858333333333334,101.41666666666667,Mumbai,2025,4,25,86.4556623931624,Satisfactory
2025-04-26,26.1375,46.32083333333333,384.9166666666667,13.525,28.395833333333332,96.0,Mumbai,2025,4,26,80.30377492877493,Satisfactory
2025-04-27,31.004166666666666,65.05833333333334,382.5416666666667,15.229166666666666,34.30416666666667,96.20833333333333,Mumbai,2025,4,27,99.00605413105414,Satisfactory
2025-04-28,30.087500000000002,78.47916666666667,322.9583333333333,12.391666666666666,23.1375,84.70833333333333,Mumbai,2025,4,28,89.14957264957265,Satisfactory
2025-04-29,32.25833333333333,74.53750000000001,332.4583333333333,15.166666666666666,27.037499999999998,80.33333333333333,Mumbai,2025,4,29,98.08297720797721,Satisfactory
2025-04-30,24.212500000000002,37.7875,331.2916666666667,11.191666666666668,22.945833333333336,87.08333333333333,Mumbai,2025,4,30,76.09508547008546,Satisfactory
2025-05-01,24.075,35.858333333333334,428.625,10.625,23.0125,92.16666666666667,Mumbai,2025,5,1,75.80128205128206,Satisfactory
2025-05-02,22.912499999999998,35.00416666666667,480.5,11.383333333333333,21.445833333333336,100.375,Mumbai,2025,5,2,73.91381766381767,Satisfactory
2025-05-03,22.662499999999998,33.641666666666666,382.0,11.870833333333332,23.59166666666667,88.91666666666667,Mumbai,2025,5,3,72.78311965811966,Satisfactory
2025-05-04,19.716666666666665,33.42916666666667,272.375,8.404166666666667,21.5625,80.58333333333333,Mumbai,2025,5,4,66.48860398860398,Satisfactory
2025-05-05,25.22083333333333,44.262499999999996,285.2083333333333,9.579166666666667,30.125,85.375,Mumbai,2025,5,5,78.42859686609687,Satisfactory
2025-05-06,20.841666666666665,34.94166666666667,323.5833333333333,8.262500000000001,22.104166666666668,83.83333333333333,Mumbai,2025,5,6,68.89245014245014,Satisfactory
2025-05-07,17.025000000000002,30.8875,269.5833333333333,10.504166666666666,17.845833333333335,76.0,Mumbai,2025,5,7,60.73717948717948,Satisfactory
2025-05-08,11.295833333333334,17.804166666666667,239.58333333333334,10.2125,16.583333333333332,76.66666666666667,Mumbai,2025,5,8,46.550035612535616,Good
2025-05-09,12.004166666666668,17.425,298.5833333333333,12.116666666666667,18.316666666666666,76.5,Mumbai,2025,5,9,47.82674501424501,Good
2025-05-10,16.125,20.454166666666666,469.0,15.779166666666667,30.820833333333336,74.375,Mumbai,2025,5,10,58.611111111111114,Satisfactory
2025-05-11,25.116666666666664,31.108333333333334,345.75,18.608333333333334,44.862500000000004,93.08333333333333,Mumbai,2025,5,11,80.16257122507123,Satisfactory
2025-05-12,22.075,28.65833333333333,258.0,19.579166666666666,35.358333333333334,71.58333333333333,Mumbai,2025,5,12,71.52777777777779,Satisfactory
2025-05-13,25.150000000000002,34.954166666666666,315.4583333333333,16.195833333333333,42.291666666666664,74.125,Mumbai,2025,5,13,78.0982905982906,Satisfactory
2025-05-14,30.270833333333332,50.112500000000004,359.4583333333333,12.612499999999999,37.21666666666667,84.41666666666667,Mumbai,2025,5,14,94.94569088319089,Satisfactory
2025-05-15,28.962500000000002,51.354166666666664,315.2083333333333,12.362499999999999,32.53333333333333,81.54166666666667,Mumbai,2025,5,15,87.93874643874643,Satisfactory
2025-05-16,24.395833333333332,43.97083333333333,244.66666666666666,12.666666666666666,29.829166666666666,71.95833333333333,Mumbai,2025,5,16,76.48682336182337,Satisfactory
2025-05-17,22.608333333333334,41.5375,251.0,11.745833333333332,28.53333333333333,78.29166666666667,Mumbai,2025,5,17,72.66737891737891,Satisfactory
2025-05-18,22.65833333333333,43.854166666666664,251.16666666666666,12.341666666666667,31.02916666666667,76.33333333333333,Mumbai,2025,5,18,72.77421652421653,Satisfactory
2025-05-19,25.0625,46.31666666666666,316.2916666666667,11.920833333333334,35.19583333333333,70.29166666666667,Mumbai,2025,5,19,77.92325498575498,Satisfactory
2025-05-20,24.3625,47.7125,274.2916666666667,12.066666666666668,22.958333333333332,69.66666666666667,Mumbai,2025,5,20,76.41559829059828,Satisfactory
2025-05-21,31.3875,46.512499999999996,462.4166666666667,16.1375,30.133333333333336,90.625,Mumbai,2025,5,21,95.42289886039886,Satisfactory
2025-05-22,52.97083333333333,62.46666666666667,427.7083333333333,27.304166666666664,56.53333333333333,119.45833333333333,Mumbai,2025,5,22,174.64692982456143,Moderate
2025-05-23,58.25833333333333,66.7625,581.5416666666666,25.333333333333332,51.74583333333334,154.58333333333334,Mumbai,2025,5,23,184.47258771929828,Moderate
2025-05-24,33.074999999999996,47.13333333333333,518.9166666666666,12.525,22.05,126.79166666666667,Mumbai,2025,5,24,96.83351139601139,Satisfactory
2025-05-25,24.666666666666668,40.1875,458.5,11.941666666666668,16.337500000000002,80.08333333333333,Mumbai,2025,5,25,77.06552706552706,Satisfactory
2025-05-26,32.266666666666666,66.37083333333334,496.5,6.8500000000000005,9.245833333333334,69.54166666666667,Mumbai,2025,5,26,100.71349715099716,Moderate
2025-05-27,39.079166666666666,83.39583333333333,440.75,8.304166666666667,12.295833333333334,66.08333333333333,Mumbai,2025,5,27,120.8415242165242,Moderate
2025-05-28,35.449999999999996,77.7375,356.9583333333333,9.933333333333334,17.983333333333334,72.41666666666667,Mumbai,2025,5,28,104.00801282051283,Moderate
2025-05-29,31.375,67.14583333333333,258.9583333333333,9.591666666666667,18.404166666666665,77.75,Mumbai,2025,5,29,96.19551282051282,Satisfactory
2025-05-30,28.72083333333333,77.87083333333334,196.29166666666666,6.179166666666667,12.487499999999999,66.75,Mumbai,2025,5,30,85.72827635327634,Satisfactory
2025-05-31,22.679166666666664,58.63333333333333,196.91666666666666,7.258333333333333,13.2125,58.0,Mumbai,2025,5,31,72.8187321937322,Satisfactory
2025-06-01,20.441666666666666,46.38333333333333,199.79166666666666,8.429166666666667,14.204166666666666,58.291666666666664,Mumbai,2025,6,1,68.03774928774929,Satisfactory
2025-06-02,24.358333333333334,64.45,198.75,8.116666666666667,13.108333333333334,61.666666666666664,Mumbai,2025,6,2,76.40669515669516,Satisfactory
2025-06-03,22.629166666666666,57.65,226.70833333333334,9.112499999999999,13.004166666666668,63.458333333333336,Mumbai,2025,6,3,72.71189458689459,Satisfactory
2025-06-04,28.59166666666667,79.86666666666666,273.875,9.641666666666667,19.462500000000002,80.08333333333333,Mumbai,2025,6,4,92.64618945868945,Satisfactory
2025-06-05,45.125,127.47916666666667,370.4583333333333,12.9625,31.870833333333334,92.125,Mumbai,2025,6,5,146.14144736842107,Moderate
2025-06-06,34.80416666666667,88.77499999999999,591.5,12.85,28.454166666666666,73.20833333333333,Mumbai,2025,6,6,101.00551994301993,Moderate
2025-06-07,25.770833333333332,56.93333333333334,495.2083333333333,11.237499999999999,23.0625,73.20833333333333,Mumbai,2025,6,7,79.42485754985755,Satisfactory
2025-06-08,24.05,57.7125,397.0833333333333,10.104166666666666,19.4375,68.25,Mumbai,2025,6,8,75.74786324786325,Satisfactory
2025-06-09,23.433333333333334,64.04166666666667,305.4166666666667,7.758333333333333,13.933333333333332,61.791666666666664,Mumbai,2025,6,9,74.43019943019944,Satisfactory
2025-06-10,20.216666666666665,49.449999999999996,287.7083333333333,7.454166666666667,14.924999999999999,56.333333333333336,Mumbai,2025,6,10,67.55698005698005,Satisfactory
2025-06-11,16.858333333333334,30.879166666666666,266.5833333333333,5.9875,12.929166666666667,59.791666666666664,Mumbai,2025,6,11,60.38105413105413,Satisfactory
2025-06-12,15.354166666666666,25.4375,227.41666666666666,5.8125,9.733333333333333,62.666666666666664,Mumbai,2025,6,12,57.1670227920228,Satisfactory
2025-06-13,21.087500000000002,49.770833333333336,250.20833333333334,6.954166666666667,10.504166666666666,67.29166666666667,Mumbai,2025,6,13,69.41773504273505,Satisfactory
2025-06-14,28.516666666666666,60.79583333333333,387.9583333333333,14.725,20.2375,74.875,Mumbai,2025,6,14,85.72150997150997,Satisfactory
2025-06-15,34.5625,53.63333333333333,451.8333333333333,25.46666666666667,47.17083333333333,95.375,Mumbai,2025,6,15,105.4814065077223,Moderate
2025-06-16,16.008333333333333,33.354166666666664,250.08333333333334,13.120833333333332,16.712500000000002,60.708333333333336,Mumbai,2025,6,16,57.29611823361824,Satisfactory
2025-06-17,16.633333333333333,36.02916666666666,175.33333333333334,5.820833333333333,8.941666666666666,62.0,Mumbai,2025,6,17,59.9002849002849,Satisfactory
2025-06-18,13.625,26.379166666666666,192.83333333333334,7.2749999999999995,8.783333333333333,59.666666666666664,Mumbai,2025,6,18,52.05128205128205,Satisfactory
2025-06-19,17.962500000000002,37.208333333333336,260.2083333333333,7.566666666666666,9.283333333333333,63.5,Mumbai,2025,6,19,62.74038461538461,Satisfactory
2025-06-20,17.291666666666668,35.63333333333333,200.91666666666666,6.9750000000000005,9.866666666666667,57.416666666666664,Mumbai,2025,6,20,61.30698005698005,Satisfactory
2025-06-21,17.091666666666665,33.82083333333333,190.5,7.491666666666667,10.2125,52.291666666666664,Mumbai,2025,6,21,60.879629629629626,Satisfactory
2025-06-22,18.7375,39.90416666666667,194.45833333333334,6.2375,10.145833333333334,56.208333333333336,Mumbai,2025,6,22,64.39636752136752,Satisfactory
2025-06-23,18.470833333333335,40.06666666666667,188.5,6.9624999999999995,9.325000000000001,57.75,Mumbai,2025,6,23,63.82656695156695,Satisfactory
2025-06-24,19.558333333333334,43.38333333333333,218.5,7.629166666666666,9.054166666666667,50.875,Mumbai,2025,6,24,66.1502849002849,Satisfactory
2025-06-25,20.345833333333335,46.73333333333333,178.04166666666666,7.104166666666667,10.1,52.916666666666664,Mumbai,2025,6,25,67.83297720797721,Satisfactory
2025-06-26,17.8875,43.19583333333333,217.54166666666666,8.1625,11.262500000000001,50.291666666666664,Mumbai,2025,6,26,62.580128205128204,Satisfactory
2025-06-27,19.595833333333335,46.137499999999996,192.58333333333334,7.95,10.512500000000001,55.916666666666664,Mumbai,2025,6,27,66.2304131054131,Satisfactory
2025-06-28,20.029166666666665,46.4625,171.45833333333334,6.8999999999999995,9.133333333333333,61.083333333333336,Mumbai,2025,6,28,67.15633903133903,Satisfactory
2025-06-29,19.020833333333332,44.57083333333333,177.83333333333334,7.754166666666666,10.433333333333334,56.333333333333336,Mumbai,2025,6,29,65.00178062678063,Satisfactory
2025-06-30,18.245833333333334,42.583333333333336,182.0,7.108333333333333,9.270833333333334,52.166666666666664,Mumbai,2025,6,30,63.34579772079772,Satisfactory
2025-07-01,18.066666666666666,38.57083333333333,201.125,8.424999999999999,11.049999999999999,49.208333333333336,Mumbai,2025,7,1,62.96296296296296,Satisfactory
2025-07-02,18.849999999999998,42.81666666666666,205.79166666666666,7.608333333333333,10.083333333333334,49.708333333333336,Mumbai,2025,7,2,64.63675213675214,Satisfactory
2025-07-03,17.629166666666666,38.954166666666666,185.375,7.6000000000000005,10.570833333333333,50.458333333333336,Mumbai,2025,7,3,62.0281339031339,Satisfactory
2025-07-04,17.145833333333332,37.36666666666667,177.75,7.083333333333333,9.208333333333334,54.583333333333336,Mumbai,2025,7,4,60.995370370370374,Satisfactory
2025-07-05,17.829166666666666,40.9125,180.33333333333334,6.766666666666667,9.3375,57.25,Mumbai,2025,7,5,62.45548433048433,Satisfactory
2025-07-06,18.058333333333334,41.6625,181.0,6.716666666666666,8.141666666666667,58.25,Mumbai,2025,7,6,62.9451566951567,Satisfactory
2025-07-07,21.545833333333334,48.43333333333334,194.125,7.991666666666667,10.829166666666666,53.833333333333336,Mumbai,2025,7,7,70.39707977207978,Satisfactory
2025-07-08,23.1875,56.166666666666664,176.125,8.579166666666667,11.266666666666666,50.375,Mumbai,2025,7,8,73.90491452991454,Satisfactory
2025-07-09,26.391666666666666,64.19166666666666,247.16666666666666,8.3125,12.566666666666668,53.791666666666664,Mumbai,2025,7,9,80.7514245014245,Satisfactory
2025-07-10,24.425,54.9125,235.20833333333334,9.1625,14.954166666666666,48.75,Mumbai,2025,7,10,76.5491452991453,Satisfactory
2025-07-11,25.170833333333334,56.24166666666667,273.6666666666667,10.620833333333334,19.358333333333334,57.625,Mumbai,2025,7,11,78.14280626780626,Satisfactory
2025-07-12,20.316666666666666,46.22083333333333,216.75,8.170833333333333,14.775,59.416666666666664,Mumbai,2025,7,12,67.77065527065527,Satisfactory
2025-07-13,17.599999999999998,39.733333333333334,231.875,8.420833333333333,13.183333333333332,54.625,Mumbai,2025,7,13,61.96581196581196,Satisfactory
2025-07-14,15.308333333333332,33.545833333333334,217.58333333333334,8.441666666666666,10.983333333333334,55.583333333333336,Mumbai,2025,7,14,57.069088319088316,Satisfactory
2025-07-15,20.870833333333334,48.775,228.33333333333334,7.916666666666667,14.5375,63.166666666666664,Mumbai,2025,7,15,68.95477207977207,Satisfactory
2025-07-16,23.1875,55.916666666666664,228.20833333333334,8.424999999999999,16.650000000000002,58.041666666666664,Mumbai,2025,7,16,73.90491452991454,Satisfactory
2025-07-17,27.837500000000002,62.475,266.125,10.608333333333333,23.45,64.08333333333333,Mumbai,2025,7,17,85.1173433048433,Satisfactory
2025-07-18,24.483333333333334,56.53333333333333,247.625,9.691666666666666,20.787499999999998,56.208333333333336,Mumbai,2025,7,18,76.67378917378917,Satisfactory
2025-07-19,21.816666666666666,48.32083333333333,234.54166666666666,9.549999999999999,17.329166666666666,57.208333333333336,Mumbai,2025,7,19,70.97578347578347,Satisfactory
2025-07-20,18.925,36.22083333333333,227.16666666666666,10.1625,16.045833333333334,59.333333333333336,Mumbai,2025,7,20,64.79700854700855,Satisfactory
2025-07-21,19.349999999999998,38.05833333333333,297.2916666666667,11.070833333333333,17.462500000000002,58.541666666666664,Mumbai,2025,7,21,65.7051282051282,Satisfactory
2025-07-22,20.849999999999998,39.28333333333333,251.0,9.5375,16.3,62.458333333333336,Mumbai,2025,7,22,68.91025641025641,Satisfactory
2025-07-23,17.625,36.77916666666667,231.25,7.825,11.895833333333334,57.0,Mumbai,2025,7,23,61.87544515669516,Satisfactory
2025-07-24,16.4375,32.775,226.375,7.633333333333333,11.145833333333334,57.958333333333336,Mumbai,2025,7,24,59.48183760683761,Satisfactory
2025-07-25,16.879166666666666,34.045833333333334,217.04166666666666,7.4624999999999995,9.7125,57.083333333333336,Mumbai,2025,7,25,60.425569800569804,Satisfactory
2025-07-26,17.316666666666666,37.9375,188.125,6.033333333333334,7.6375,57.333333333333336,Mumbai,2025,7,26,61.36039886039887,Satisfactory
2025-07-27,17.395833333333332,35.887499999999996,155.125,5.204166666666667,7.979166666666667,55.5,Mumbai,2025,7,27,61.5295584045584,Satisfactory
2025-07-28,16.037499999999998,32.012499999999996,165.29166666666666,5.270833333333333,7.733333333333333,53.708333333333336,Mumbai,2025,7,28,58.62713675213675,Satisfactory
2025-07-29,15.120833333333332,30.254166666666666,168.45833333333334,5.304166666666666,7.570833333333333,51.416666666666664,Mumbai,2025,7,29,56.668447293447294,Satisfactory
2025-07-30,17.462500000000002,35.525,177.95833333333334,6.895833333333333,8.695833333333333,51.625,Mumbai,2025,7,30,61.672008547008545,Satisfactory
2025-07-31,19.616666666666667,40.729166666666664,181.45833333333334,7.1375,10.379166666666666,55.25,Mumbai,2025,7,31,66.27492877492877,Satisfactory
2025-08-01,20.9875,43.37916666666666,195.08333333333334,7.9375,13.120833333333332,57.458333333333336,Mumbai,2025,8,1,69.20405982905983,Satisfactory
2025-08-02,22.291666666666668,46.512499999999996,221.79166666666666,9.116666666666667,17.404166666666665,62.833333333333336,Mumbai,2025,8,2,71.99074074074075,Satisfactory
2025-08-03,22.2375,45.0,251.91666666666666,11.466666666666667,20.1375,59.708333333333336,Mumbai,2025,8,3,71.875,Satisfactory
2025-08-04,21.087500000000002,43.52916666666667,287.125,11.341666666666667,20.770833333333332,61.5,Mumbai,2025,8,4,69.41773504273505,Satisfactory
2025-08-05,20.708333333333332,45.05833333333334,344.1666666666667,9.65,20.275000000000002,63.666666666666664,Mumbai,2025,8,5,68.60754985754986,Satisfactory
2025-08-06,21.066666666666666,48.47083333333333,430.875,9.654166666666667,20.1875,61.708333333333336,Mumbai,2025,8,6,69.37321937321937,Satisfactory
2025-08-07,25.45,60.333333333333336,613.9166666666666,10.991666666666667,26.633333333333336,60.375,Mumbai,2025,8,7,78.73931623931624,Satisfactory
2025-08-08,25.554166666666664,58.67083333333333,501.0833333333333,11.799999999999999,27.558333333333334,56.708333333333336,Mumbai,2025,8,8,79.06926638176638,Satisfactory
2025-08-09,24.40833333333333,57.13333333333333,408.5,10.395833333333334,25.429166666666664,62.125,Mumbai,2025,8,9,76.51353276353277,Satisfactory
2025-08-10,22.625,51.26666666666667,330.875,11.0,24.558333333333334,57.958333333333336,Mumbai,2025,8,10,72.70299145299145,Satisfactory
2025-08-11,19.333333333333332,41.225,283.7916666666667,8.549999999999999,18.733333333333334,56.416666666666664,Mumbai,2025,8,11,65.66951566951568,Satisfactory
2025-08-12,18.279166666666665,33.46666666666667,276.125,8.674999999999999,18.229166666666668,54.5,Mumbai,2025,8,12,63.4170227920228,Satisfactory
2025-08-13,17.033333333333335,28.995833333333334,302.375,10.1,17.625,45.666666666666664,Mumbai,2025,8,13,60.75498575498576,Satisfactory
2025-08-14,17.158333333333335,26.708333333333332,326.25,14.491666666666667,22.625,43.375,Mumbai,2025,8,14,61.02207977207977,Satisfactory
2025-08-15,17.037499999999998,33.15833333333333,300.6666666666667,9.5375,16.479166666666668,49.75,Mumbai,2025,8,15,60.70468304843305,Satisfactory
2025-08-16,14.266666666666666,26.858333333333334,310.375,9.683333333333334,15.270833333333334,44.083333333333336,Mumbai,2025,8,16,53.303952991452995,Satisfactory
2025-08-17,11.941666666666668,19.495833333333334,225.95833333333334,9.0,16.970833333333335,51.791666666666664,Mumbai,2025,8,17,47.769319800569804,Good
2025-08-18,11.929166666666667,21.216666666666665,212.08333333333334,6.833333333333333,9.012500000000001,53.791666666666664,Mumbai,2025,8,18,47.98789173789174,Good
2025-08-19,10.450000000000001,14.429166666666667,176.16666666666666,6.1875,7.0125,56.833333333333336,Mumbai,2025,8,19,43.12722578347578,Good
2025-08-20,17.083333333333332,31.1375,191.91666666666666,6.216666666666666,7.420833333333333,51.5,Mumbai,2025,8,20,60.016025641025635,Satisfactory
2025-08-21,17.304166666666667,30.891666666666666,174.25,6.154166666666666,9.299999999999999,49.75,Mumbai,2025,8,21,61.33368945868946,Satisfactory
2025-08-22,15.045833333333334,25.22083333333333,180.95833333333334,6.245833333333334,9.708333333333334,46.291666666666664,Mumbai,2025,8,22,56.508190883190885,Satisfactory
2025-08-23,14.287500000000001,23.525000000000002,168.54166666666666,6.283333333333334,8.825000000000001,48.083333333333336,Mumbai,2025,8,23,54.77786680911681,Satisfactory
2025-08-24,14.237499999999999,22.25,161.08333333333334,5.583333333333333,8.879166666666666,49.791666666666664,Mumbai,2025,8,24,54.493411680911684,Satisfactory
2025-08-25,14.629166666666668,25.366666666666664,197.20833333333334,6.7875000000000005,9.137500000000001,44.958333333333336,Mumbai,2025,8,25,55.4656339031339,Satisfactory
2025-08-26,20.075,44.479166666666664,227.70833333333334,7.05,11.904166666666667,47.291666666666664,Mumbai,2025,8,26,67.25427350427351,Satisfactory
2025-08-27,24.587500000000002,56.987500000000004,308.9166666666667,9.304166666666667,17.291666666666668,57.333333333333336,Mumbai,2025,8,27,76.89636752136752,Satisfactory
2025-08-28,25.483333333333334,69.76666666666667,328.2916666666667,9.483333333333333,16.583333333333332,53.666666666666664,Mumbai,2025,8,28,78.81054131054131,Satisfactory
2025-08-29,28.108333333333334,64.72083333333333,294.625,11.958333333333334,25.5125,68.04166666666667,Mumbai,2025,8,29,86.93678774928775,Satisfactory
2025-08-30,18.291666666666668,36.53333333333333,286.375,10.254166666666666,18.583333333333332,65.54166666666667,Mumbai,2025,8,30,62.428774928774935,Satisfactory
2025-08-31,21.337500000000002,49.92916666666667,219.79166666666666,8.908333333333333,14.870833333333332,51.25,Mumbai,2025,8,31,69.95192307692308,Satisfactory
2025-09-01,16.650000000000002,37.425000000000004,186.29166666666666,7.1375,11.049999999999999,47.916666666666664,Mumbai,2025,9,1,59.93589743589743,Satisfactory
2025-09-02,18.620833333333334,38.329166666666666,212.83333333333334,6.470833333333334,12.8125,56.583333333333336,Mumbai,2025,9,2,64.14707977207978,Satisfactory
2025-09-03,19.970833333333335,40.775,240.95833333333334,7.6125,13.908333333333333,54.958333333333336,Mumbai,2025,9,3,67.03169515669516,Satisfactory
2025-09-04,21.216666666666665,47.40833333333333,354.75,9.375,15.558333333333332,47.416666666666664,Mumbai,2025,9,4,69.6937321937322,Satisfactory
2025-09-05,21.279166666666665,44.387499999999996,248.08333333333334,8.025,12.795833333333334,59.041666666666664,Mumbai,2025,9,5,69.8272792022792,Satisfactory
2025-09-06,18.675,37.59583333333333,228.625,8.6625,12.191666666666668,49.916666666666664,Mumbai,2025,9,6,64.26282051282051,Satisfactory
2025-09-07,19.179166666666667,37.84583333333333,218.58333333333334,9.304166666666667,13.2125,52.208333333333336,Mumbai,2025,9,7,65.34009971509971,Satisfactory
2025-09-08,19.1125,36.479166666666664,247.25,10.225,15.891666666666666,55.541666666666664,Mumbai,2025,9,8,65.19764957264958,Satisfactory
2025-09-09,23.733333333333334,43.645833333333336,415.9583333333333,14.191666666666668,23.21666666666667,54.625,Mumbai,2025,9,9,75.07122507122507,Satisfactory
2025-09-10,34.55833333333333,57.666666666666664,603.75,18.541666666666668,43.8375,76.91666666666667,Mumbai,2025,9,10,111.2042191482981,Moderate
2025-09-11,24.40833333333333,45.8125,599.5,13.216666666666667,30.895833333333332,58.583333333333336,Mumbai,2025,9,11,76.81178774928775,Satisfactory
2025-09-12,18.845833333333335,34.67916666666667,681.4583333333334,10.825000000000001,26.0,53.416666666666664,Mumbai,2025,9,12,64.627849002849,Satisfactory
2025-09-13,19.729166666666668,35.18333333333333,683.625,11.083333333333334,20.2,51.666666666666664,Mumbai,2025,9,13,66.5153133903134,Satisfactory
2025-09-14,21.516666666666666,32.387499999999996,485.2916666666667,10.0625,16.133333333333333,86.25,Mumbai,2025,9,14,70.33475783475784,Satisfactory
2025-09-15,17.683333333333334,32.791666666666664,407.1666666666667,9.379166666666666,13.170833333333334,55.208333333333336,Mumbai,2025,9,15,62.143874643874646,Satisfactory
2025-09-16,17.275000000000002,28.15416666666667,557.875,12.204166666666666,21.583333333333332,41.666666666666664,Mumbai,2025,9,16,61.27136752136752,Satisfactory
2025-09-17,19.366666666666667,24.795833333333334,583.75,18.991666666666667,35.72083333333333,45.625,Mumbai,2025,9,17,65.70690883190883,Satisfactory
2025-09-18,17.033333333333335,25.316666666666666,635.875,13.166666666666666,26.09583333333333,48.333333333333336,Mumbai,2025,9,18,60.75498575498576,Satisfactory
2025-09-19,20.295833333333334,34.86666666666667,552.8333333333334,14.841666666666667,28.208333333333332,50.333333333333336,Mumbai,2025,9,19,67.7261396011396,Satisfactory
2025-09-20,17.658333333333335,31.03333333333333,471.9166666666667,12.129166666666668,23.349999999999998,54.125,Mumbai,2025,9,20,62.09045584045584,Satisfactory
2025-09-21,17.691666666666666,26.670833333333334,430.0833333333333,12.762500000000001,28.579166666666666,59.0,Mumbai,2025,9,21,62.16168091168091,Satisfactory
2025-09-22,15.041666666666666,26.037499999999998,456.1666666666667,7.8125,16.5,57.291666666666664,Mumbai,2025,9,22,56.38933404558404,Satisfactory
2025-09-23,19.974999999999998,40.266666666666666,368.125,7.058333333333334,15.954166666666666,53.625,Mumbai,2025,9,23,67.04059829059828,Satisfactory
2025-09-24,17.191666666666666,26.125,372.4583333333333,9.950000000000001,23.866666666666664,61.416666666666664,Mumbai,2025,9,24,61.09330484330485,Satisfactory
2025-09-25,17.779166666666665,23.0625,431.2083333333333,11.424999999999999,30.912499999999998,60.916666666666664,Mumbai,2025,9,25,62.09490740740741,Satisfactory
2025-09-26,24.858333333333334,32.75416666666667,581.125,15.570833333333333,39.862500000000004,76.04166666666667,Mumbai,2025,9,26,79.69408831908832,Satisfactory
2025-09-27,20.283333333333335,30.27916666666667,368.4583333333333,9.691666666666666,16.320833333333333,74.91666666666667,Mumbai,2025,9,27,67.69943019943021,Satisfactory
2025-09-28,11.995833333333332,15.183333333333332,217.29166666666666,5.904166666666666,8.245833333333334,82.45833333333333,Mumbai,2025,9,28,48.3840811965812,Good
2025-09-29,13.216666666666667,18.541666666666668,214.33333333333334,5.645833333333333,9.9125,88.375,Mumbai,2025,9,29,50.87428774928775,Satisfactory
2025-09-30,14.083333333333334,22.083333333333332,212.04166666666666,8.700000000000001,11.674999999999999,57.083333333333336,Mumbai,2025,9,30,54.417735042735046,Satisfactory
2025-10-01,13.5,21.5125,202.95833333333334,9.216666666666667,11.862499999999999,51.833333333333336,Mumbai,2025,10,1,51.76727207977208,Satisfactory
2025-10-02,13.270833333333334,20.125,222.79166666666666,11.4375,13.095833333333333,41.916666666666664,Mumbai,2025,10,2,52.605502136752136,Satisfactory
2025-10-03,12.729166666666666,18.224999999999998,262.2083333333333,12.045833333333334,16.5875,46.791666666666664,Mumbai,2025,10,3,50.53463319088319,Satisfactory
2025-10-04,15.879166666666668,27.645833333333332,327.625,13.229166666666666,21.004166666666666,50.208333333333336,Mumbai,2025,10,4,58.17040598290598,Satisfactory
2025-10-05,24.6375,48.05416666666667,343.5416666666667,14.216666666666667,25.320833333333336,56.625,Mumbai,2025,10,5,77.00320512820512,Satisfactory
2025-10-06,20.708333333333332,35.458333333333336,327.3333333333333,13.391666666666666,25.304166666666664,56.666666666666664,Mumbai,2025,10,6,68.60754985754986,Satisfactory
2025-10-07,16.616666666666667,23.662499999999998,455.5833333333333,12.183333333333332,28.15416666666667,66.54166666666667,Mumbai,2025,10,7,59.68705484330484,Satisfactory
2025-10-08,23.09166666666667,40.63333333333333,586.75,12.7125,24.329166666666666,77.79166666666667,Mumbai,2025,10,8,73.70014245014245,Satisfactory
2025-10-09,50.9375,97.1875,514.0416666666666,15.016666666666666,35.0375,148.33333333333334,Mumbai,2025,10,9,170.1875,Moderate
2025-10-10,50.1875,80.47916666666667,508.125,18.150000000000002,28.883333333333336,147.625,Mumbai,2025,10,10,171.65131578947367,Moderate
2025-10-11,48.041666666666664,64.30416666666666,503.4166666666667,18.866666666666667,26.375,152.95833333333334,Mumbai,2025,10,11,160.3535575048733,Moderate
2025-10-12,47.349999999999994,54.71666666666667,492.5833333333333,18.404166666666665,27.295833333333334,164.16666666666666,Mumbai,2025,10,12,158.20394736842107,Moderate
2025-10-13,41.82083333333333,44.39166666666667,485.6666666666667,19.241666666666667,26.462500000000002,158.75,Mumbai,2025,10,13,133.5119301994302,Moderate
2025-10-14,41.4625,43.25,483.8333333333333,22.75,25.054166666666664,156.08333333333334,Mumbai,2025,10,14,133.09015594541913,Moderate
2025-10-15,46.89166666666667,49.05416666666667,543.0833333333334,28.84583333333333,27.429166666666664,159.25,Mumbai,2025,10,15,151.45695569050832,Moderate
2025-10-16,51.354166666666664,51.5875,579.4166666666666,36.77916666666667,32.4125,160.20833333333334,Mumbai,2025,10,16,168.9217180236917,Moderate
2025-10-17,43.4125,43.71666666666667,466.75,28.933333333333334,26.22083333333333,174.95833333333334,Mumbai,2025,10,17,138.665991902834,Moderate
2025-10-18,56.487500000000004,57.1625,531.0833333333334,33.97083333333333,29.520833333333332,191.54166666666666,Mumbai,2025,10,18,171.50079659619135,Moderate
2025-10-19,78.63333333333334,80.33333333333333,501.6666666666667,33.15416666666667,26.8875,157.91666666666666,Mumbai,2025,10,19,224.19298245614036,Poor
2025-10-20,79.2375,82.50416666666666,522.875,33.170833333333334,24.787499999999998,157.0,Mumbai,2025,10,20,225.09210526315792,Poor
2025-10-21,62.775,64.4375,587.625,31.09166666666667,27.858333333333334,143.33333333333334,Mumbai,2025,10,21,199.19407894736844,Moderate
2025-10-22,47.425000000000004,47.75416666666666,549.4583333333334,24.037499999999998,23.479166666666668,123.54166666666667,Mumbai,2025,10,22,157.23026315789474,Moderate
2025-10-23,36.55,36.9125,456.0833333333333,26.191666666666666,21.474999999999998,121.70833333333333,Mumbai,2025,10,23,115.87873931623932,Moderate
2025-10-24,31.004166666666666,31.204166666666666,376.9166666666667,24.65833333333333,35.479166666666664,121.41666666666667,Mumbai,2025,10,24,92.33707264957265,Satisfactory
2025-10-25,29.27916666666667,29.395833333333332,418.5,34.975,40.083333333333336,77.0,Mumbai,2025,10,25,91.01362179487181,Satisfactory
2025-10-26,16.425,17.241666666666667,389.0833333333333,23.900000000000002,18.325,49.583333333333336,Mumbai,2025,10,26,59.29442663817664,Satisfactory
2025-10-27,13.408333333333333,14.200000000000001,393.125,16.608333333333334,13.512500000000001,52.375,Mumbai,2025,10,27,51.8420584045584,Satisfactory
2025-10-28,22.925,24.1875,371.8333333333333,16.7,15.420833333333334,82.54166666666667,Mumbai,2025,10,28,73.3798076923077,Satisfactory
2025-10-29,28.983333333333334,31.354166666666668,414.9583333333333,18.8875,22.104166666666668,99.125,Mumbai,2025,10,29,91.76513532763533,Satisfactory
2025-10-30,20.504166666666666,24.46666666666667,335.1666666666667,13.737499999999999,13.366666666666667,79.25,Mumbai,2025,10,30,68.00213675213675,Satisfactory
2025-10-31,14.091666666666667,16.8,255.25,10.987499999999999,10.5875,75.75,Mumbai,2025,10,31,53.47978988603989,Satisfactory
2025-11-01,14.566666666666668,17.654166666666665,303.6666666666667,10.870833333333332,13.141666666666666,79.0,Mumbai,2025,11,1,53.4375,Satisfactory
2025-11-02,15.404166666666667,18.754166666666666,316.6666666666667,12.141666666666666,15.808333333333332,70.54166666666667,Mumbai,2025,11,2,57.197738603988604,Satisfactory
2025-11-03,19.8125,23.75,440.25,12.995833333333332,22.166666666666668,83.29166666666667,Mumbai,2025,11,3,66.69337606837607,Satisfactory
2025-11-04,28.65833333333333,33.050000000000004,681.9583333333334,12.229166666666666,30.995833333333334,105.875,Mumbai,2025,11,4,87.70637464387465,Satisfactory
2025-11-05,32.854166666666664,40.387499999999996,738.4583333333334,13.166666666666666,33.699999999999996,105.20833333333333,Mumbai,2025,11,5,98.4613603988604,Satisfactory
2025-11-06,42.44583333333333,53.270833333333336,639.375,14.941666666666668,37.050000000000004,124.70833333333333,Mumbai,2025,11,6,140.84829059829062,Moderate
2025-11-07,49.45416666666667,52.26666666666667,718.6666666666666,21.837500000000002,48.012499999999996,178.33333333333334,Mumbai,2025,11,7,151.6808460788724,Moderate
2025-11-08,27.21666666666667,28.766666666666666,527.3333333333334,18.479166666666668,20.291666666666668,137.70833333333334,Mumbai,2025,11,8,86.83297720797721,Satisfactory
2025-11-09,27.754166666666666,28.820833333333336,584.1666666666666,15.424999999999999,26.416666666666668,157.29166666666666,Mumbai,2025,11,9,86.15616096866097,Satisfactory
2025-11-10,43.09583333333333,43.979166666666664,661.2083333333334,25.1375,57.42083333333333,178.83333333333334,Mumbai,2025,11,10,140.61537524366472,Moderate
2025-11-11,51.13333333333333,52.71666666666667,729.2916666666666,20.091666666666665,60.13333333333333,193.0,Mumbai,2025,11,11,166.34758771929825,Moderate
2025-11-12,48.87916666666666,51.01666666666667,481.0833333333333,19.166666666666668,26.670833333333334,141.91666666666666,Mumbai,2025,11,12,163.39912280701756,Moderate
2025-11-13,52.112500000000004,53.7875,497.4166666666667,20.916666666666668,25.633333333333336,152.875,Mumbai,2025,11,13,174.5822368421053,Moderate
2025-11-14,56.90833333333333,58.62916666666666,561.75,25.254166666666666,27.662499999999998,158.16666666666666,Mumbai,2025,11,14,189.95942982456143,Moderate
2025-11-15,59.0625,61.9125,605.0833333333334,25.03333333333333,28.21666666666667,159.70833333333334,Mumbai,2025,11,15,196.65131578947367,Moderate
2025-11-16,56.21666666666667,58.44583333333333,565.5833333333334,24.954166666666666,26.458333333333332,143.79166666666666,Mumbai,2025,11,16,194.51096491228068,Moderate
2025-11-17,57.05833333333334,59.862500000000004,515.9166666666666,19.833333333333332,26.8875,148.66666666666666,Mumbai,2025,11,17,188.22587719298247,Moderate
2025-11-18,62.104166666666664,65.17916666666666,582.0833333333334,21.754166666666666,26.175,152.375,Mumbai,2025,11,18,205.51096491228068,Poor
2025-11-19,64.6875,66.95833333333333,663.0833333333334,29.941666666666666,27.59583333333333,152.41666666666666,Mumbai,2025,11,19,209.77631578947367,Poor
2025-11-20,59.49166666666667,61.270833333333336,609.3333333333334,27.358333333333334,26.375,150.33333333333334,Mumbai,2025,11,20,202.46491228070178,Poor
2025-11-21,71.01666666666667,72.85000000000001,675.4583333333334,32.30833333333333,31.116666666666664,154.58333333333334,Mumbai,2025,11,21,216.43859649122808,Poor
2025-11-22,75.125,76.17916666666666,758.1666666666666,34.19583333333333,34.2875,167.79166666666666,Mumbai,2025,11,22,220.76315789473685,Poor
2025-11-23,86.62083333333334,87.62916666666666,803.75,28.474999999999998,39.954166666666666,166.5,Mumbai,2025,11,23,232.86403508771932,Poor
2025-11-24,87.2375,88.31666666666666,863.375,22.09166666666667,42.887499999999996,159.25,Mumbai,2025,11,24,233.51315789473685,Poor
2025-11-25,79.69166666666666,80.89166666666667,826.7083333333334,21.370833333333334,35.3375,149.54166666666666,Mumbai,2025,11,25,225.5701754385965,Poor
2025-11-26,93.12916666666666,94.49166666666667,965.375,23.170833333333334,49.38333333333333,178.83333333333334,Mumbai,2025,11,26,239.71491228070178,Poor
2025-11-27,86.37916666666666,87.55,816.2916666666666,30.7,44.237500000000004,192.16666666666666,Mumbai,2025,11,27,232.609649122807,Poor
2025-11-28,82.27083333333333,83.50416666666666,694.3333333333334,29.150000000000002,31.224999999999998,161.58333333333334,Mumbai,2025,11,28,228.28508771929828,Poor
2025-11-29,56.362500000000004,57.175000000000004,561.625,24.34166666666667,27.295833333333334,119.0,Mumbai,2025,11,29,187.0822368421053,Moderate
2025-11-30,46.32916666666667,47.13333333333333,546.75,27.65416666666667,30.6875,128.5,Mumbai,2025,11,30,150.89583333333334,Moderate
2025-12-01,54.42916666666667,55.10833333333333,612.6666666666666,28.787499999999998,30.141666666666666,127.04166666666667,Mumbai,2025,12,1,180.8201754385965,Moderate
2025-12-02,57.824999999999996,58.416666666666664,672.6666666666666,26.0125,32.11666666666667,129.16666666666666,Mumbai,2025,12,2,193.83552631578948,Moderate
2025-12-03,67.575,68.10416666666667,591.0833333333334,27.570833333333336,30.77916666666667,138.625,Mumbai,2025,12,3,210.39802631578948,Poor
2025-12-04,66.05416666666666,66.51666666666667,534.7083333333334,28.150000000000002,27.829166666666666,135.75,Mumbai,2025,12,4,211.09978070175438,Poor
2025-12-05,63.34583333333333,63.76666666666667,546.875,28.233333333333334,26.979166666666668,131.45833333333334,Mumbai,2025,12,5,208.36403508771932,Poor
2025-12-06,66.11666666666666,66.89999999999999,530.8333333333334,28.795833333333334,26.045833333333334,131.79166666666666,Mumbai,2025,12,6,210.16228070175438,Poor
2025-12-07,63.19166666666666,64.17916666666666,569.4166666666666,30.520833333333332,29.6125,147.70833333333334,Mumbai,2025,12,7,201.29385964912282,Poor
2025-12-08,52.44583333333333,53.5625,615.9166666666666,32.020833333333336,31.6375,138.91666666666666,Mumbai,2025,12,8,175.4923245614035,Moderate
2025-12-09,40.275,41.1625,476.2916666666667,32.13333333333333,25.995833333333334,118.66666666666667,Mumbai,2025,12,9,124.94764957264958,Moderate
2025-12-10,34.329166666666666,34.9375,460.25,30.837500000000002,24.462500000000002,114.91666666666667,Mumbai,2025,12,10,103.56962250712252,Moderate
2025-12-11,37.362500000000004,37.699999999999996,433.9166666666667,30.59583333333333,27.129166666666666,131.54166666666666,Mumbai,2025,12,11,113.89262820512819,Moderate
2025-12-12,38.479166666666664,39.225,538.625,27.191666666666666,29.866666666666664,139.875,Mumbai,2025,12,12,119.86965811965813,Moderate
2025-12-13,47.9,48.65833333333333,653.7916666666666,34.09166666666667,37.020833333333336,162.95833333333334,Mumbai,2025,12,13,155.52203291348027,Moderate
2025-12-14,52.8125,53.574999999999996,595.2083333333334,32.791666666666664,35.37083333333333,158.41666666666666,Mumbai,2025,12,14,173.19736842105263,Moderate
2025-12-15,44.8125,46.775,518.9583333333334,29.441666666666666,31.254166666666666,117.625,Mumbai,2025,12,15,147.17693807167493,Moderate
2025-12-16,47.729166666666664,49.80833333333334,572.375,30.825,31.15416666666667,146.0,Mumbai,2025,12,16,147.64230956665168,Moderate
2025-12-17,63.00416666666666,65.0,654.9583333333334,31.925,32.43333333333333,148.25,Mumbai,2025,12,17,200.32346491228068,Poor
2025-12-18,62.5,64.96666666666667,668.8333333333334,35.854166666666664,28.3625,130.375,Mumbai,2025,12,18,205.4342105263158,Poor
2025-12-19,54.55833333333334,55.770833333333336,548.6666666666666,39.725,29.7625,125.20833333333333,Mumbai,2025,12,19,183.68640350877195,Moderate
2025-12-20,41.020833333333336,41.49583333333333,497.5833333333333,36.175000000000004,31.3625,113.29166666666667,Mumbai,2025,12,20,127.50998088169142,Moderate
2025-12-21,41.237500000000004,41.583333333333336,581.25,41.475,30.962500000000002,97.625,Mumbai,2025,12,21,128.88682711051132,Moderate
2025-12-22,48.637499999999996,49.57083333333333,652.2916666666666,36.38333333333333,31.583333333333332,127.45833333333333,Mumbai,2025,12,22,161.41846603688708,Moderate
2025-12-23,39.43333333333333,40.112500000000004,552.25,31.329166666666666,27.195833333333336,114.16666666666667,Mumbai,2025,12,23,123.35203928624982,Moderate
2025-12-24,32.666666666666664,33.199999999999996,491.7083333333333,28.395833333333332,27.441666666666666,113.0,Mumbai,2025,12,24,103.8826566951567,Moderate
2025-12-25,39.50416666666667,39.987500000000004,684.5833333333334,28.825,31.0625,140.70833333333334,Mumbai,2025,12,25,126.78097353426301,Moderate
2025-12-26,51.19166666666666,52.06666666666666,713.625,29.370833333333334,36.9375,151.625,Mumbai,2025,12,26,157.68680649272756,Moderate
2025-12-27,57.05416666666667,57.875,701.3333333333334,34.02916666666666,36.85,146.625,Mumbai,2025,12,27,182.77741228070178,Moderate
2025-12-28,70.29166666666667,71.29166666666667,697.125,32.6,38.31666666666667,163.29166666666666,Mumbai,2025,12,28,212.36951754385964,Poor
2025-12-29,66.4375,67.28750000000001,743.875,29.883333333333336,37.579166666666666,171.125,Mumbai,2025,12,29,207.2434210526316,Poor
2025-12-30,62.145833333333336,64.0,902.875,17.491666666666667,40.225,147.95833333333334,Mumbai,2025,12,30,201.640350877193,Poor
2025-12-31,56.387499999999996,59.0625,791.25,15.441666666666668,41.47083333333333,142.66666666666666,Mumbai,2025,12,31,181.1875,Moderate
